
> @corpus-building/etl@0.27.2 petrography:import
> node src/petrography-import.js

[petrography-import] ISic000001: unchanged
[petrography-import] ISic000002: modified
[petrography-import] ISic000003: unchanged
[petrography-import] ISic000004: unchanged
[petrography-import] ISic000006: unchanged
[petrography-import] ISic000007: modified
[petrography-import] ISic000009: modified
[petrography-import] ISic000015: modified
[petrography-import] ISic000017: modified
[petrography-import] ISic000021: modified
[petrography-import] ISic000023: modified
[petrography-import] ISic000025: modified
[petrography-import] ISic000026: modified
[petrography-import] ISic000027: modified
[petrography-import] ISic000028: modified
[petrography-import] ISic000029: modified
[petrography-import] ISic000033: unchanged
[petrography-import] ISic000034: modified
[petrography-import] ISic000036: modified
[petrography-import] ISic000037: modified
[petrography-import] ISic000040: modified
[petrography-import] ISic000042: modified
[petrography-import] ISic000043: modified
[petrography-import] ISic000046: unchanged
[petrography-import] ISic000049: unchanged
[petrography-import] ISic000050: unchanged
[petrography-import] ISic000054: modified
[petrography-import] ISic000055: unchanged
[petrography-import] ISic000056: modified
[petrography-import] ISic000063: unchanged
[petrography-import] ISic000065: unchanged
[petrography-import] ISic000067: modified
[petrography-import] ISic000068: unchanged
[petrography-import] ISic000069: modified
[petrography-import] ISic000073: modified
[petrography-import] ISic000075: modified
[petrography-import] ISic000079: unchanged
[petrography-import] ISic000082: modified
[petrography-import] ISic000083: unchanged
[petrography-import] ISic000085: modified
[petrography-import] ISic000086: modified
[petrography-import] ISic000090: modified
[petrography-import] ISic000091: modified
[petrography-import] ISic000092: modified
[petrography-import] ISic000093: modified
[petrography-import] ISic000095: modified
[petrography-import] ISic000096: modified
[petrography-import] ISic000097: unchanged
[petrography-import] ISic000098: modified
[petrography-import] ISic000099: modified
[petrography-import] ISic000100: modified
[petrography-import] ISic000101: modified
[petrography-import] ISic000103: modified
[petrography-import] ISic000104: unchanged
[petrography-import] ISic000105: unchanged
[petrography-import] ISic000106: unchanged
[petrography-import] ISic000107: unchanged
[petrography-import] ISic000108: modified
[petrography-import] ISic000112: unchanged
[petrography-import] ISic000114: modified
[petrography-import] ISic000117: modified
[petrography-import] ISic000121: unchanged
[petrography-import] ISic000122: unchanged
[petrography-import] ISic000124: unchanged
[petrography-import] ISic000125: modified
[petrography-import] ISic000126: modified
[petrography-import] ISic000127: unchanged
[petrography-import] ISic000128: modified
[petrography-import] ISic000131: modified
[petrography-import] ISic000132: unchanged
[petrography-import] ISic000133: modified
[petrography-import] ISic000134: unchanged
[petrography-import] ISic000135: modified
[petrography-import] ISic000136: modified
[petrography-import] ISic000137: modified
[petrography-import] ISic000138: unchanged
[petrography-import] ISic000139: unchanged
[petrography-import] ISic000140: unchanged
[petrography-import] ISic000141: unchanged
[petrography-import] ISic000142: modified
[petrography-import] ISic000146: modified
[petrography-import] ISic000147: modified
[petrography-import] ISic000148: unchanged
[petrography-import] ISic000150: unchanged
[petrography-import] ISic000151: unchanged
[petrography-import] ISic000152: unchanged
[petrography-import] ISic000153: unchanged
[petrography-import] ISic000154: unchanged
[petrography-import] ISic000155: unchanged
[petrography-import] ISic000157: unchanged
[petrography-import] ISic000159: unchanged
[petrography-import] ISic000160: unchanged
[petrography-import] ISic000161: unchanged
[petrography-import] ISic000162: unchanged
[petrography-import] ISic000163: unchanged
[petrography-import] ISic000164: unchanged
[petrography-import] ISic000165: modified
[petrography-import] ISic000167: modified
[petrography-import] ISic000168: modified
[petrography-import] ISic000171: unchanged
[petrography-import] ISic000172: unchanged
[petrography-import] ISic000174: unchanged
[petrography-import] ISic000176: modified
[petrography-import] ISic000178: unchanged
[petrography-import] ISic000181: unchanged
[petrography-import] ISic000183: modified
[petrography-import] ISic000184: unchanged
[petrography-import] ISic000186: unchanged
[petrography-import] ISic000188: modified
[petrography-import] ISic000191: modified
[petrography-import] ISic000192: modified
[petrography-import] ISic000195: unchanged
[petrography-import] ISic000198: unchanged
[petrography-import] ISic000202: unchanged
[petrography-import] ISic000204: unchanged
[petrography-import] ISic000206: modified
[petrography-import] ISic000207: unchanged
[petrography-import] ISic000208: unchanged
[petrography-import] ISic000210: unchanged
[petrography-import] ISic000211: modified
[petrography-import] ISic000214: modified
[petrography-import] ISic000216: unchanged
[petrography-import] ISic000219: unchanged
[petrography-import] ISic000220: unchanged
[petrography-import] ISic000222: modified
[petrography-import] ISic000223: unchanged
[petrography-import] ISic000224: unchanged
[petrography-import] ISic000225: modified
[petrography-import] ISic000226: unchanged
[petrography-import] ISic000227: unchanged
[petrography-import] ISic000228: modified
[petrography-import] ISic000229: unchanged
[petrography-import] ISic000230: modified
[petrography-import] ISic000231: modified
[petrography-import] ISic000232: unchanged
[petrography-import] ISic000234: unchanged
[petrography-import] ISic000235: unchanged
[petrography-import] ISic000238: unchanged
[petrography-import] ISic000243: unchanged
[petrography-import] ISic000245: unchanged
[petrography-import] ISic000246: unchanged
[petrography-import] ISic000247: modified
[petrography-import] ISic000249: unchanged
[petrography-import] ISic000251: modified
[petrography-import] ISic000252: modified
[petrography-import] ISic000256: unchanged
[petrography-import] ISic000258: modified
[petrography-import] ISic000259: modified
[petrography-import] ISic000261: unchanged
[petrography-import] ISic000279: unchanged
[petrography-import] ISic000281: modified
[petrography-import] ISic000284: modified
[petrography-import] ISic000285: unchanged
[petrography-import] ISic000290: modified
[petrography-import] ISic000294: unchanged
[petrography-import] ISic000297: modified
[petrography-import] ISic000298: modified
[petrography-import] ISic000300: unchanged
[petrography-import] ISic000301: modified
[petrography-import] ISic000303: unchanged
[petrography-import] ISic000304: unchanged
[petrography-import] ISic000305: unchanged
[petrography-import] ISic000306: unchanged
[petrography-import] ISic000307: unchanged
[petrography-import] ISic000308: unchanged
[petrography-import] ISic000309: unchanged
[petrography-import] ISic000311: unchanged
[petrography-import] ISic000312: unchanged
[petrography-import] ISic000314: unchanged
[petrography-import] ISic000315: modified
[petrography-import] ISic000316: modified
[petrography-import] ISic000318: unchanged
[petrography-import] ISic000325: unchanged
[petrography-import] ISic000329: unchanged
[petrography-import] ISic000330: unchanged
[petrography-import] ISic000335: unchanged
[petrography-import] ISic000337: modified
[petrography-import] ISic000339: unchanged
[petrography-import] ISic000340: unchanged
[petrography-import] ISic000341: unchanged
[petrography-import] ISic000345: unchanged
[petrography-import] ISic000348: modified
[petrography-import] ISic000350: unchanged
[petrography-import] ISic000351: unchanged
[petrography-import] ISic000352: unchanged
[petrography-import] ISic000354: unchanged
[petrography-import] ISic000355: unchanged
[petrography-import] ISic000356: unchanged
[petrography-import] ISic000359: unchanged
[petrography-import] ISic000361: unchanged
[petrography-import] ISic000363: unchanged
[petrography-import] ISic000364: unchanged
[petrography-import] ISic000366: unchanged
[petrography-import] ISic000368: modified
[petrography-import] ISic000369: unchanged
[petrography-import] ISic000371: unchanged
[petrography-import] ISic000376: unchanged
[petrography-import] ISic000378: modified
[petrography-import] ISic000379: unchanged
[petrography-import] ISic000381: unchanged
[petrography-import] ISic000383: unchanged
[petrography-import] ISic000384: unchanged
[petrography-import] ISic000385: unchanged
[petrography-import] ISic000392: unchanged
[petrography-import] ISic000395: unchanged
[petrography-import] ISic000398: unchanged
[petrography-import] ISic000400: unchanged
[petrography-import] ISic000401: modified
[petrography-import] ISic000404: unchanged
[petrography-import] ISic000406: unchanged
[petrography-import] ISic000407: unchanged
[petrography-import] ISic000408: unchanged
[petrography-import] ISic000409: unchanged
[petrography-import] ISic000413: modified
[petrography-import] ISic000414: unchanged
[petrography-import] ISic000415: unchanged
[petrography-import] ISic000417: unchanged
[petrography-import] ISic000420: unchanged
[petrography-import] ISic000421: unchanged
[petrography-import] ISic000422: unchanged
[petrography-import] ISic000423: unchanged
[petrography-import] ISic000428: unchanged
[petrography-import] ISic000431: unchanged
[petrography-import] ISic000432: unchanged
[petrography-import] ISic000433: unchanged
[petrography-import] ISic000438: modified
[petrography-import] ISic000439: unchanged
[petrography-import] ISic000442: unchanged
[petrography-import] ISic000444: modified
[petrography-import] ISic000446: unchanged
[petrography-import] ISic000453: modified
[petrography-import] ISic000456: modified
[petrography-import] ISic000458: unchanged
[petrography-import] ISic000460: modified
[petrography-import] ISic000461: unchanged
[petrography-import] ISic000463: modified
[petrography-import] ISic000469: modified
[petrography-import] ISic000470: modified
[petrography-import] ISic000474: unchanged
[petrography-import] ISic000495: unchanged
[petrography-import] ISic000508: modified
[petrography-import] ISic000509: modified
[petrography-import] ISic000510: modified
[petrography-import] ISic000513: modified
[petrography-import] ISic000514: modified
[petrography-import] ISic000519: modified
[petrography-import] ISic000579: unchanged
[petrography-import] ISic000584: modified
[petrography-import] ISic000588: modified
[petrography-import] ISic000612: modified
[petrography-import] ISic000613: modified
[petrography-import] ISic000614: modified
[petrography-import] ISic000616: modified
[petrography-import] ISic000618: modified
[petrography-import] ISic000621: unchanged
[petrography-import] ISic000625: modified
[petrography-import] ISic000630: modified
[petrography-import] ISic000631: modified
[petrography-import] ISic000632: modified
[petrography-import] ISic000634: modified
[petrography-import] ISic000635: modified
[petrography-import] ISic000636: modified
[petrography-import] ISic000639: unchanged
[petrography-import] ISic000648: unchanged
[petrography-import] ISic000649: unchanged
[petrography-import] ISic000652: modified
[petrography-import] ISic000655: unchanged
[petrography-import] ISic000656: unchanged
[petrography-import] ISic000662: unchanged
[petrography-import] ISic000668: modified
[petrography-import] ISic000672: unchanged
[petrography-import] ISic000674: unchanged
[petrography-import] ISic000676: unchanged
[petrography-import] ISic000677: unchanged
[petrography-import] ISic000678: modified
[petrography-import] ISic000679: unchanged
[petrography-import] ISic000680: unchanged
[petrography-import] ISic000681: unchanged
[petrography-import] ISic000682: unchanged
[petrography-import] ISic000685: modified
[petrography-import] ISic000686: modified
[petrography-import] ISic000687: modified
[petrography-import] ISic000689: unchanged
[petrography-import] ISic000690: modified
[petrography-import] ISic000691: unchanged
[petrography-import] ISic000692: unchanged
[petrography-import] ISic000693: modified
[petrography-import] ISic000694: unchanged
[petrography-import] ISic000695: unchanged
[petrography-import] ISic000696: unchanged
[petrography-import] ISic000697: unchanged
[petrography-import] ISic000699: unchanged
[petrography-import] ISic000701: unchanged
[petrography-import] ISic000704: unchanged
[petrography-import] ISic000705: unchanged
[petrography-import] ISic000709: unchanged
[petrography-import] ISic000711: unchanged
[petrography-import] ISic000725: unchanged
[petrography-import] ISic000726: unchanged
[petrography-import] ISic000727: unchanged
[petrography-import] ISic000728: modified
[petrography-import] ISic000729: modified
[petrography-import] ISic000730: unchanged
[petrography-import] ISic000731: unchanged
[petrography-import] ISic000754: unchanged
[petrography-import] ISic000758: unchanged
[petrography-import] ISic000762: modified
[petrography-import] ISic000763: modified
[petrography-import] ISic000764: modified
[petrography-import] ISic000768: unchanged
[petrography-import] ISic000769: unchanged
[petrography-import] ISic000770: modified
[petrography-import] ISic000781: unchanged
[petrography-import] ISic000784: unchanged
[petrography-import] ISic000786: unchanged
[petrography-import] ISic000792: unchanged
[petrography-import] ISic000794: unchanged
[petrography-import] ISic000800: modified
[petrography-import] ISic000801: unchanged
[petrography-import] ISic000802: unchanged
[petrography-import] ISic000803: modified
[petrography-import] ISic000804: unchanged
[petrography-import] ISic000805: unchanged
[petrography-import] ISic000810: modified
[petrography-import] ISic000811: modified
[petrography-import] ISic000812: modified
[petrography-import] ISic000814: modified
[petrography-import] ISic000816: modified
[petrography-import] ISic000817: modified
[petrography-import] ISic000818: modified
[petrography-import] ISic000821: unchanged
[petrography-import] ISic000823: modified
[petrography-import] ISic000824: modified
[petrography-import] ISic000827: modified
[petrography-import] ISic000831: modified
[petrography-import] ISic000832: unchanged
[petrography-import] ISic000833: unchanged
[petrography-import] ISic000841: modified
[petrography-import] ISic000843: modified
[petrography-import] ISic000846: unchanged
[petrography-import] ISic000848: unchanged
[petrography-import] ISic000853: modified
[petrography-import] ISic000856: modified
[petrography-import] ISic000861: unchanged
[petrography-import] ISic000862: unchanged
[petrography-import] ISic000863: unchanged
[petrography-import] ISic000865: unchanged
[petrography-import] ISic000868: unchanged
[petrography-import] ISic000870: modified
[petrography-import] ISic000871: unchanged
[petrography-import] ISic000877: modified
[petrography-import] ISic000878: unchanged
[petrography-import] ISic000879: modified
[petrography-import] ISic000880: unchanged
[petrography-import] ISic000885: unchanged
[petrography-import] ISic000892: modified
[petrography-import] ISic000896: unchanged
[petrography-import] ISic000903: modified
[petrography-import] ISic000905: unchanged
[petrography-import] ISic000909: modified
[petrography-import] ISic000920: unchanged
[petrography-import] ISic000934: modified
[petrography-import] ISic000940: unchanged
[petrography-import] ISic000944: unchanged
[petrography-import] ISic000951: modified
[petrography-import] ISic000953: unchanged
[petrography-import] ISic000955: modified
[petrography-import] ISic000961: unchanged
[petrography-import] ISic000964: unchanged
[petrography-import] ISic000968: unchanged
[petrography-import] ISic000972: modified
[petrography-import] ISic000974: unchanged
[petrography-import] ISic000975: unchanged
[petrography-import] ISic000978: unchanged
[petrography-import] ISic000980: modified
[petrography-import] ISic000981: unchanged
[petrography-import] ISic000982: unchanged
[petrography-import] ISic000983: modified
[petrography-import] ISic000985: modified
[petrography-import] ISic000987: modified
[petrography-import] ISic000997: unchanged
[petrography-import] ISic001008: modified
[petrography-import] ISic001009: modified
[petrography-import] ISic001015: unchanged
[petrography-import] ISic001031: modified
[petrography-import] ISic001035: unchanged
[petrography-import] ISic001038: modified
[petrography-import] ISic001039: modified
[petrography-import] ISic001040: modified
[petrography-import] ISic001041: modified
[petrography-import] ISic001047: modified
[petrography-import] ISic001054: modified
[petrography-import] ISic001058: modified
[petrography-import] ISic001060: modified
[petrography-import] ISic001063: modified
[petrography-import] ISic001066: modified
[petrography-import] ISic001070: modified
[petrography-import] ISic001076: modified
[petrography-import] ISic001082: modified
[petrography-import] ISic001083: unchanged
[petrography-import] ISic001087: modified
[petrography-import] ISic001089: modified
[petrography-import] ISic001090: modified
[petrography-import] ISic001091: modified
[petrography-import] ISic001101: modified
[petrography-import] ISic001102: modified
[petrography-import] ISic001106: modified
[petrography-import] ISic001107: modified
[petrography-import] ISic001108: modified
[petrography-import] ISic001110: modified
[petrography-import] ISic001114: unchanged
[petrography-import] ISic001116: unchanged
[petrography-import] ISic001120: unchanged
[petrography-import] ISic001122: modified
[petrography-import] ISic001130: modified
[petrography-import] ISic001132: modified
[petrography-import] ISic001133: modified
[petrography-import] ISic001134: modified
[petrography-import] ISic001135: modified
[petrography-import] ISic001136: modified
[petrography-import] ISic001138: unchanged
[petrography-import] ISic001139: modified
[petrography-import] ISic001140: unchanged
[petrography-import] ISic001141: unchanged
[petrography-import] ISic001142: unchanged
[petrography-import] ISic001143: unchanged
[petrography-import] ISic001148: modified
[petrography-import] ISic001150: modified
[petrography-import] ISic001151: modified
[petrography-import] ISic001155: modified
[petrography-import] ISic001158: unchanged
[petrography-import] ISic001160: modified
[petrography-import] ISic001161: modified
[petrography-import] ISic001166: unchanged
[petrography-import] ISic001169: modified
[petrography-import] ISic001170: modified
[petrography-import] ISic001173: modified
[petrography-import] ISic001174: modified
[petrography-import] ISic001175: modified
[petrography-import] ISic001176: modified
[petrography-import] ISic001177: modified
[petrography-import] ISic001181: modified
[petrography-import] ISic001189: modified
[petrography-import] ISic001190: modified
[petrography-import] ISic001191: modified
[petrography-import] ISic001193: modified
[petrography-import] ISic001202: modified
[petrography-import] ISic001207: modified
[petrography-import] ISic001210: modified
[petrography-import] ISic001231: unchanged
[petrography-import] ISic001246: modified
[petrography-import] ISic001247: modified
[petrography-import] ISic001248: modified
[petrography-import] ISic001249: modified
[petrography-import] ISic001250: modified
[petrography-import] ISic001251: modified
[petrography-import] ISic001252: modified
[petrography-import] ISic001254: modified
[petrography-import] ISic001255: modified
[petrography-import] ISic001256: unchanged
[petrography-import] ISic001258: modified
[petrography-import] ISic001259: modified
[petrography-import] ISic001260: modified
[petrography-import] ISic001262: modified
[petrography-import] ISic001269: modified
[petrography-import] ISic001276: unchanged
[petrography-import] ISic001279: modified
[petrography-import] ISic001280: modified
[petrography-import] ISic001282: unchanged
[petrography-import] ISic001283: unchanged
[petrography-import] ISic001287: unchanged
[petrography-import] ISic001288: unchanged
[petrography-import] ISic001290: unchanged
[petrography-import] ISic001295: unchanged
[petrography-import] ISic001297: unchanged
[petrography-import] ISic001299: unchanged
[petrography-import] ISic001302: unchanged
[petrography-import] ISic001303: unchanged
[petrography-import] ISic001308: unchanged
[petrography-import] ISic001309: unchanged
[petrography-import] ISic001310: unchanged
[petrography-import] ISic001311: unchanged
[petrography-import] ISic001313: unchanged
[petrography-import] ISic001314: modified
[petrography-import] ISic001318: unchanged
[petrography-import] ISic001322: unchanged
[petrography-import] ISic001323: unchanged
[petrography-import] ISic001325: unchanged
[petrography-import] ISic001328: unchanged
[petrography-import] ISic001329: unchanged
[petrography-import] ISic001330: unchanged
[petrography-import] ISic001332: unchanged
[petrography-import] ISic001333: unchanged
[petrography-import] ISic001344: modified
[petrography-import] ISic001345: unchanged
[petrography-import] ISic001346: unchanged
[petrography-import] ISic001351: unchanged
[petrography-import] ISic001353: unchanged
[petrography-import] ISic001355: unchanged
[petrography-import] ISic001356: unchanged
[petrography-import] ISic001359: modified
[petrography-import] ISic001360: unchanged
[petrography-import] ISic001362: unchanged
[petrography-import] ISic001372: unchanged
[petrography-import] ISic001378: unchanged
[petrography-import] ISic001384: unchanged
[petrography-import] ISic001394: modified
[petrography-import] ISic001397: unchanged
[petrography-import] ISic001399: unchanged
[petrography-import] ISic001408: modified
[petrography-import] ISic001412: modified
[petrography-import] ISic001413: modified
[petrography-import] ISic001414: modified
[petrography-import] ISic001415: modified
[petrography-import] ISic001420: modified
[petrography-import] ISic001425: unchanged
[petrography-import] ISic001430: modified
[petrography-import] ISic001432: modified
[petrography-import] ISic001435: unchanged
[petrography-import] ISic001436: modified
[petrography-import] ISic001439: modified
[petrography-import] ISic001441: modified
[petrography-import] ISic001442: modified
[petrography-import] ISic001444: modified
[petrography-import] ISic001445: modified
[petrography-import] ISic001446: modified
[petrography-import] ISic001447: modified
[petrography-import] ISic001448: modified
[petrography-import] ISic001449: modified
[petrography-import] ISic001455: modified
[petrography-import] ISic001456: modified
[petrography-import] ISic001457: modified
[petrography-import] ISic001460: modified
[petrography-import] ISic001461: modified
[petrography-import] ISic001463: modified
[petrography-import] ISic001464: modified
[petrography-import] ISic001465: modified
[petrography-import] ISic001466: modified
[petrography-import] ISic001467: modified
[petrography-import] ISic001468: modified
[petrography-import] ISic001469: modified
[petrography-import] ISic001470: modified
[petrography-import] ISic001471: modified
[petrography-import] ISic001472: modified
[petrography-import] ISic001473: modified
[petrography-import] ISic001474: modified
[petrography-import] ISic001475: modified
[petrography-import] ISic001476: modified
[petrography-import] ISic001477: modified
[petrography-import] ISic001478: modified
[petrography-import] ISic001481: modified
[petrography-import] ISic001482: modified
[petrography-import] ISic001483: modified
[petrography-import] ISic001484: modified
[petrography-import] ISic001485: modified
[petrography-import] ISic001488: modified
[petrography-import] ISic001489: unchanged
[petrography-import] ISic001497: unchanged
[petrography-import] ISic001498: unchanged
[petrography-import] ISic001514: unchanged
[petrography-import] ISic001516: unchanged
[petrography-import] ISic001517: modified
[petrography-import] ISic001520: unchanged
[petrography-import] ISic001521: unchanged
[petrography-import] ISic001523: modified
[petrography-import] ISic001527: unchanged
[petrography-import] ISic001528: unchanged
[petrography-import] ISic001531: unchanged
[petrography-import] ISic001532: unchanged
[petrography-import] ISic001535: modified
[petrography-import] ISic001536: unchanged
[petrography-import] ISic001543: unchanged
[petrography-import] ISic001544: unchanged
[petrography-import] ISic001547: modified
[petrography-import] ISic001549: modified
[petrography-import] ISic001550: modified
[petrography-import] ISic001551: modified
[petrography-import] ISic001553: modified
[petrography-import] ISic001554: modified
[petrography-import] ISic001556: modified
[petrography-import] ISic001562: modified
[petrography-import] ISic001564: modified
[petrography-import] ISic001568: modified
[petrography-import] ISic001573: modified
[petrography-import] ISic001579: unchanged
[petrography-import] ISic001581: modified
[petrography-import] ISic001620: modified
[petrography-import] ISic001621: modified
[petrography-import] ISic001623: modified
[petrography-import] ISic001628: unchanged
[petrography-import] ISic001631: modified
[petrography-import] ISic001634: modified
[petrography-import] ISic001635: modified
[petrography-import] ISic001642: unchanged
[petrography-import] ISic001643: unchanged
[petrography-import] ISic001644: modified
[petrography-import] ISic001647: unchanged
[petrography-import] ISic001648: unchanged
[petrography-import] ISic001649: modified
[petrography-import] ISic001651: modified
[petrography-import] ISic001653: unchanged
[petrography-import] ISic001655: modified
[petrography-import] ISic001657: modified
[petrography-import] ISic001659: modified
[petrography-import] ISic001660: modified
[petrography-import] ISic001661: modified
[petrography-import] ISic001663: modified
[petrography-import] ISic001664: unchanged
[petrography-import] ISic001665: modified
[petrography-import] ISic001666: modified
[petrography-import] ISic001668: unchanged
[petrography-import] ISic001669: modified
[petrography-import] ISic001670: modified
[petrography-import] ISic001671: unchanged
[petrography-import] ISic001672: unchanged
[petrography-import] ISic001674: unchanged
[petrography-import] ISic001676: unchanged
[petrography-import] ISic001683: unchanged
[petrography-import] ISic001684: modified
[petrography-import] ISic001685: unchanged
[petrography-import] ISic001686: unchanged
[petrography-import] ISic001687: modified
[petrography-import] ISic001693: unchanged
[petrography-import] ISic001695: modified
[petrography-import] ISic001699: modified
[petrography-import] ISic001701: unchanged
[petrography-import] ISic001702: modified
[petrography-import] ISic001706: unchanged
[petrography-import] ISic001755: unchanged
[petrography-import] ISic001756: unchanged
[petrography-import] ISic001758: unchanged
[petrography-import] ISic001759: unchanged
[petrography-import] ISic001762: modified
[petrography-import] ISic001763: modified
[petrography-import] ISic001764: modified
[petrography-import] ISic001774: modified
[petrography-import] ISic001780: modified
[petrography-import] ISic001787: modified
[petrography-import] ISic001793: modified
[petrography-import] ISic001794: modified
[petrography-import] ISic001795: modified
[petrography-import] ISic001796: modified
[petrography-import] ISic001798: modified
[petrography-import] ISic001799: modified
[petrography-import] ISic001800: modified
[petrography-import] ISic001802: modified
[petrography-import] ISic001803: modified
[petrography-import] ISic001804: modified
[petrography-import] ISic001820: modified
[petrography-import] ISic001822: unchanged
[petrography-import] ISic001823: modified
[petrography-import] ISic001824: modified
[petrography-import] ISic001831: unchanged
[petrography-import] ISic001832: modified
[petrography-import] ISic001833: modified
[petrography-import] ISic001834: modified
[petrography-import] ISic001835: modified
[petrography-import] ISic001837: unchanged
[petrography-import] ISic001838: unchanged
[petrography-import] ISic001839: unchanged
[petrography-import] ISic001841: modified
[petrography-import] ISic001842: modified
[petrography-import] ISic001845: modified
[petrography-import] ISic001846: modified
[petrography-import] ISic001847: modified
[petrography-import] ISic001851: unchanged
[petrography-import] ISic001852: unchanged
[petrography-import] ISic001853: unchanged
[petrography-import] ISic001855: unchanged
[petrography-import] ISic001856: unchanged
[petrography-import] ISic001868: modified
[petrography-import] ISic001871: modified
[petrography-import] ISic001872: modified
[petrography-import] ISic001873: modified
[petrography-import] ISic001874: unchanged
[petrography-import] ISic001881: unchanged
[petrography-import] ISic001882: modified
[petrography-import] ISic001884: unchanged
[petrography-import] ISic001885: modified
[petrography-import] ISic001887: modified
[petrography-import] ISic001888: modified
[petrography-import] ISic001889: modified
[petrography-import] ISic001890: modified
[petrography-import] ISic001891: modified
[petrography-import] ISic001892: modified
[petrography-import] ISic001893: modified
[petrography-import] ISic001894: modified
[petrography-import] ISic001895: unchanged
[petrography-import] ISic001899: unchanged
[petrography-import] ISic001903: modified
[petrography-import] ISic001904: modified
[petrography-import] ISic001905: no XML file found, skipped
[petrography-import] ISic001906: modified
[petrography-import] ISic001907: modified
[petrography-import] ISic001908: modified
[petrography-import] ISic001909: modified
[petrography-import] ISic001910: unchanged
[petrography-import] ISic001911: unchanged
[petrography-import] ISic001912: unchanged
[petrography-import] ISic001913: modified
[petrography-import] ISic001914: modified
[petrography-import] ISic001915: modified
[petrography-import] ISic001916: modified
[petrography-import] ISic001917: modified
[petrography-import] ISic001918: modified
[petrography-import] ISic001919: modified
[petrography-import] ISic001920: modified
[petrography-import] ISic001921: modified
[petrography-import] ISic001922: modified
[petrography-import] ISic001923: modified
[petrography-import] ISic001924: modified
[petrography-import] ISic001925: modified
[petrography-import] ISic001926: modified
[petrography-import] ISic001927: modified
[petrography-import] ISic001928: no XML file found, skipped
[petrography-import] ISic001929: modified
[petrography-import] ISic001930: modified
[petrography-import] ISic001931: modified
[petrography-import] ISic001932: modified
[petrography-import] ISic001933: modified
[petrography-import] ISic001934: modified
[petrography-import] ISic001935: modified
[petrography-import] ISic001936: modified
[petrography-import] ISic001937: modified
[petrography-import] ISic001938: modified
[petrography-import] ISic001939: modified
[petrography-import] ISic001940: modified
[petrography-import] ISic001941: modified
[petrography-import] ISic001942: modified
[petrography-import] ISic001943: modified
[petrography-import] ISic001944: modified
[petrography-import] ISic001945: modified
[petrography-import] ISic001946: modified
[petrography-import] ISic001947: modified
[petrography-import] ISic001949: modified
[petrography-import] ISic001950: modified
[petrography-import] ISic001951: modified
[petrography-import] ISic001952: modified
[petrography-import] ISic001953: modified
[petrography-import] ISic001954: modified
[petrography-import] ISic001955: modified
[petrography-import] ISic001956: modified
[petrography-import] ISic001957: modified
[petrography-import] ISic001958: modified
[petrography-import] ISic001959: modified
[petrography-import] ISic001960: modified
[petrography-import] ISic001961: modified
[petrography-import] ISic001962: modified
[petrography-import] ISic001963: modified
[petrography-import] ISic001964: modified
[petrography-import] ISic001965: modified
[petrography-import] ISic001966: unchanged
[petrography-import] ISic001967: modified
[petrography-import] ISic001968: modified
[petrography-import] ISic001969: modified
[petrography-import] ISic001970: modified
[petrography-import] ISic001971: modified
[petrography-import] ISic001972: modified
[petrography-import] ISic001973: modified
[petrography-import] ISic001974: modified
[petrography-import] ISic001975: modified
[petrography-import] ISic001976: modified
[petrography-import] ISic001977: modified
[petrography-import] ISic001978: modified
[petrography-import] ISic001979: modified
[petrography-import] ISic001980: modified
[petrography-import] ISic001981: modified
[petrography-import] ISic001982: modified
[petrography-import] ISic001983: modified
[petrography-import] ISic001984: modified
[petrography-import] ISic001986: modified
[petrography-import] ISic001987: modified
[petrography-import] ISic001988: modified
[petrography-import] ISic001989: modified
[petrography-import] ISic001990: modified
[petrography-import] ISic001992: modified
[petrography-import] ISic001993: modified
[petrography-import] ISic001994: modified
[petrography-import] ISic001995: modified
[petrography-import] ISic001996: modified
[petrography-import] ISic001997: modified
[petrography-import] ISic001998: modified
[petrography-import] ISic001999: modified
[petrography-import] ISic002000: modified
[petrography-import] ISic002001: modified
[petrography-import] ISic002002: modified
[petrography-import] ISic002005: modified
[petrography-import] ISic002006: modified
[petrography-import] ISic002007: modified
[petrography-import] ISic002008: modified
[petrography-import] ISic002009: modified
[petrography-import] ISic002013: modified
[petrography-import] ISic002014: modified
[petrography-import] ISic002025: modified
[petrography-import] ISic002026: modified
[petrography-import] ISic002027: modified
[petrography-import] ISic002028: modified
[petrography-import] ISic002029: modified
[petrography-import] ISic002030: modified
[petrography-import] ISic002031: modified
[petrography-import] ISic002032: modified
[petrography-import] ISic002033: modified
[petrography-import] ISic002034: modified
[petrography-import] ISic002035: modified
[petrography-import] ISic002037: modified
[petrography-import] ISic002041: modified
[petrography-import] ISic002042: modified
[petrography-import] ISic002043: modified
[petrography-import] ISic002044: modified
[petrography-import] ISic002045: modified
[petrography-import] ISic002046: modified
[petrography-import] ISic002047: modified
[petrography-import] ISic002048: modified
[petrography-import] ISic002049: modified
[petrography-import] ISic002050: modified
[petrography-import] ISic002051: modified
[petrography-import] ISic002052: modified
[petrography-import] ISic002053: modified
[petrography-import] ISic002054: modified
[petrography-import] ISic002055: modified
[petrography-import] ISic002056: modified
[petrography-import] ISic002057: modified
[petrography-import] ISic002058: modified
[petrography-import] ISic002059: modified
[petrography-import] ISic002060: modified
[petrography-import] ISic002061: modified
[petrography-import] ISic002062: modified
[petrography-import] ISic002063: modified
[petrography-import] ISic002064: modified
[petrography-import] ISic002065: modified
[petrography-import] ISic002066: modified
[petrography-import] ISic002070: modified
[petrography-import] ISic002073: modified
[petrography-import] ISic002074: modified
[petrography-import] ISic002075: modified
[petrography-import] ISic002076: modified
[petrography-import] ISic002080: modified
[petrography-import] ISic002086: modified
[petrography-import] ISic002089: modified
[petrography-import] ISic002093: modified
[petrography-import] ISic002094: modified
[petrography-import] ISic002096: modified
[petrography-import] ISic002098: modified
[petrography-import] ISic002099: modified
[petrography-import] ISic002100: modified
[petrography-import] ISic002101: modified
[petrography-import] ISic002102: modified
[petrography-import] ISic002103: modified
[petrography-import] ISic002105: modified
[petrography-import] ISic002106: modified
[petrography-import] ISic002107: modified
[petrography-import] ISic002108: modified
[petrography-import] ISic002109: modified
[petrography-import] ISic002110: modified
[petrography-import] ISic002111: modified
[petrography-import] ISic002112: modified
[petrography-import] ISic002113: modified
[petrography-import] ISic002114: modified
[petrography-import] ISic002115: modified
[petrography-import] ISic002116: modified
[petrography-import] ISic002117: modified
[petrography-import] ISic002118: modified
[petrography-import] ISic002120: modified
[petrography-import] ISic002121: no XML file found, skipped
[petrography-import] ISic002123: modified
[petrography-import] ISic002124: modified
[petrography-import] ISic002132: modified
[petrography-import] ISic002137: modified
[petrography-import] ISic002142: modified
[petrography-import] ISic002143: modified
[petrography-import] ISic002144: modified
[petrography-import] ISic002145: modified
[petrography-import] ISic002146: modified
[petrography-import] ISic002147: modified
[petrography-import] ISic002148: modified
[petrography-import] ISic002149: modified
[petrography-import] ISic002150: modified
[petrography-import] ISic002151: modified
[petrography-import] ISic002152: modified
[petrography-import] ISic002153: modified
[petrography-import] ISic002154: modified
[petrography-import] ISic002155: modified
[petrography-import] ISic002156: modified
[petrography-import] ISic002157: modified
[petrography-import] ISic002158: modified
[petrography-import] ISic002159: modified
[petrography-import] ISic002160: modified
[petrography-import] ISic002161: modified
[petrography-import] ISic002162: modified
[petrography-import] ISic002163: modified
[petrography-import] ISic002164: modified
[petrography-import] ISic002165: modified
[petrography-import] ISic002166: modified
[petrography-import] ISic002167: modified
[petrography-import] ISic002168: modified
[petrography-import] ISic002169: modified
[petrography-import] ISic002170: modified
[petrography-import] ISic002171: modified
[petrography-import] ISic002172: modified
[petrography-import] ISic002173: modified
[petrography-import] ISic002174: modified
[petrography-import] ISic002175: modified
[petrography-import] ISic002176: modified
[petrography-import] ISic002177: modified
[petrography-import] ISic002178: modified
[petrography-import] ISic002179: modified
[petrography-import] ISic002180: modified
[petrography-import] ISic002181: modified
[petrography-import] ISic002182: modified
[petrography-import] ISic002183: modified
[petrography-import] ISic002184: modified
[petrography-import] ISic002185: modified
[petrography-import] ISic002186: modified
[petrography-import] ISic002187: modified
[petrography-import] ISic002188: modified
[petrography-import] ISic002189: modified
[petrography-import] ISic002190: modified
[petrography-import] ISic002191: modified
[petrography-import] ISic002192: modified
[petrography-import] ISic002193: modified
[petrography-import] ISic002194: modified
[petrography-import] ISic002195: modified
[petrography-import] ISic002196: modified
[petrography-import] ISic002197: modified
[petrography-import] ISic002198: modified
[petrography-import] ISic002199: modified
[petrography-import] ISic002200: modified
[petrography-import] ISic002201: modified
[petrography-import] ISic002202: modified
[petrography-import] ISic002203: modified
[petrography-import] ISic002204: modified
[petrography-import] ISic002205: modified
[petrography-import] ISic002206: modified
[petrography-import] ISic002207: modified
[petrography-import] ISic002208: modified
[petrography-import] ISic002209: modified
[petrography-import] ISic002210: modified
[petrography-import] ISic002211: modified
[petrography-import] ISic002212: modified
[petrography-import] ISic002213: modified
[petrography-import] ISic002214: modified
[petrography-import] ISic002215: modified
[petrography-import] ISic002216: modified
[petrography-import] ISic002217: modified
[petrography-import] ISic002218: modified
[petrography-import] ISic002219: modified
[petrography-import] ISic002220: modified
[petrography-import] ISic002221: modified
[petrography-import] ISic002222: modified
[petrography-import] ISic002223: modified
[petrography-import] ISic002224: modified
[petrography-import] ISic002227: modified
[petrography-import] ISic002228: modified
[petrography-import] ISic002229: modified
[petrography-import] ISic002230: modified
[petrography-import] ISic002231: modified
[petrography-import] ISic002232: modified
[petrography-import] ISic002233: modified
[petrography-import] ISic002234: modified
[petrography-import] ISic002235: no XML file found, skipped
[petrography-import] ISic002669: no XML file found, skipped
[petrography-import] ISic002709: unchanged
[petrography-import] ISic002712: modified
[petrography-import] ISic002713: modified
[petrography-import] ISic002716: modified
[petrography-import] ISic002717: unchanged
[petrography-import] ISic002720: modified
[petrography-import] ISic002742: modified
[petrography-import] ISic002745: modified
[petrography-import] ISic002747: modified
[petrography-import] ISic002748: modified
[petrography-import] ISic002750: unchanged
[petrography-import] ISic002754: modified
[petrography-import] ISic002759: unchanged
[petrography-import] ISic002760: modified
[petrography-import] ISic002762: modified
[petrography-import] ISic002764: modified
[petrography-import] ISic002816: modified
[petrography-import] ISic002832: modified
[petrography-import] ISic002833: unchanged
[petrography-import] ISic002857: unchanged
[petrography-import] ISic002877: unchanged
[petrography-import] ISic002916: unchanged
[petrography-import] ISic002929: unchanged
[petrography-import] ISic002931: modified
[petrography-import] ISic002932: modified
[petrography-import] ISic002933: unchanged
[petrography-import] ISic002937: modified
[petrography-import] ISic002955: modified
[petrography-import] ISic002960: unchanged
[petrography-import] ISic002961: unchanged
[petrography-import] ISic002962: unchanged
[petrography-import] ISic002965: modified
[petrography-import] ISic002980: modified
[petrography-import] ISic002981: unchanged
[petrography-import] ISic002982: modified
[petrography-import] ISic002985: modified
[petrography-import] ISic002986: modified
[petrography-import] ISic002987: modified
[petrography-import] ISic002989: unchanged
[petrography-import] ISic002990: unchanged
[petrography-import] ISic002991: unchanged
[petrography-import] ISic002992: unchanged
[petrography-import] ISic002995: modified
[petrography-import] ISic002996: modified
[petrography-import] ISic002997: modified
[petrography-import] ISic002998: modified
[petrography-import] ISic002999: modified
[petrography-import] ISic003000: modified
[petrography-import] ISic003001: modified
[petrography-import] ISic003002: modified
[petrography-import] ISic003005: modified
[petrography-import] ISic003013: modified
[petrography-import] ISic003014: unchanged
[petrography-import] ISic003015: modified
[petrography-import] ISic003016: modified
[petrography-import] ISic003017: modified
[petrography-import] ISic003018: modified
[petrography-import] ISic003019: modified
[petrography-import] ISic003020: modified
[petrography-import] ISic003022: modified
[petrography-import] ISic003031: modified
[petrography-import] ISic003036: modified
[petrography-import] ISic003068: modified
[petrography-import] ISic003069: unchanged
[petrography-import] ISic003070: modified
[petrography-import] ISic003077: unchanged
[petrography-import] ISic003078: unchanged
[petrography-import] ISic003079: modified
[petrography-import] ISic003081: modified
[petrography-import] ISic003082: modified
[petrography-import] ISic003083: modified
[petrography-import] ISic003089: modified
[petrography-import] ISic003093: unchanged
[petrography-import] ISic003105: modified
[petrography-import] ISic003107: modified
[petrography-import] ISic003109: unchanged
[petrography-import] ISic003110: unchanged
[petrography-import] ISic003111: modified
[petrography-import] ISic003114: modified
[petrography-import] ISic003115: modified
[petrography-import] ISic003116: modified
[petrography-import] ISic003124: modified
[petrography-import] ISic003125: modified
[petrography-import] ISic003128: unchanged
[petrography-import] ISic003135: unchanged
[petrography-import] ISic003140: unchanged
[petrography-import] ISic003141: unchanged
[petrography-import] ISic003149: unchanged
[petrography-import] ISic003150: unchanged
[petrography-import] ISic003151: unchanged
[petrography-import] ISic003153: unchanged
[petrography-import] ISic003154: unchanged
[petrography-import] ISic003155: unchanged
[petrography-import] ISic003156: unchanged
[petrography-import] ISic003158: unchanged
[petrography-import] ISic003159: unchanged
[petrography-import] ISic003161: modified
[petrography-import] ISic003163: modified
[petrography-import] ISic003170: modified
[petrography-import] ISic003178: modified
[petrography-import] ISic003179: unchanged
[petrography-import] ISic003182: unchanged
[petrography-import] ISic003184: unchanged
[petrography-import] ISic003202: unchanged
[petrography-import] ISic003203: unchanged
[petrography-import] ISic003205: unchanged
[petrography-import] ISic003206: unchanged
[petrography-import] ISic003207: unchanged
[petrography-import] ISic003208: unchanged
[petrography-import] ISic003209: unchanged
[petrography-import] ISic003210: unchanged
[petrography-import] ISic003212: unchanged
[petrography-import] ISic003214: unchanged
[petrography-import] ISic003215: unchanged
[petrography-import] ISic003217: unchanged
[petrography-import] ISic003218: unchanged
[petrography-import] ISic003219: unchanged
[petrography-import] ISic003220: unchanged
[petrography-import] ISic003221: unchanged
[petrography-import] ISic003222: unchanged
[petrography-import] ISic003223: modified
[petrography-import] ISic003224: unchanged
[petrography-import] ISic003226: unchanged
[petrography-import] ISic003229: unchanged
[petrography-import] ISic003230: unchanged
[petrography-import] ISic003232: unchanged
[petrography-import] ISic003233: unchanged
[petrography-import] ISic003234: unchanged
[petrography-import] ISic003235: unchanged
[petrography-import] ISic003236: unchanged
[petrography-import] ISic003237: unchanged
[petrography-import] ISic003238: unchanged
[petrography-import] ISic003239: unchanged
[petrography-import] ISic003240: unchanged
[petrography-import] ISic003241: unchanged
[petrography-import] ISic003242: unchanged
[petrography-import] ISic003243: unchanged
[petrography-import] ISic003244: unchanged
[petrography-import] ISic003245: unchanged
[petrography-import] ISic003246: unchanged
[petrography-import] ISic003247: unchanged
[petrography-import] ISic003248: unchanged
[petrography-import] ISic003249: unchanged
[petrography-import] ISic003250: unchanged
[petrography-import] ISic003251: unchanged
[petrography-import] ISic003252: unchanged
[petrography-import] ISic003253: unchanged
[petrography-import] ISic003254: unchanged
[petrography-import] ISic003256: unchanged
[petrography-import] ISic003257: unchanged
[petrography-import] ISic003258: unchanged
[petrography-import] ISic003259: unchanged
[petrography-import] ISic003260: unchanged
[petrography-import] ISic003261: unchanged
[petrography-import] ISic003262: unchanged
[petrography-import] ISic003263: modified
[petrography-import] ISic003264: unchanged
[petrography-import] ISic003265: unchanged
[petrography-import] ISic003266: unchanged
[petrography-import] ISic003267: unchanged
[petrography-import] ISic003268: unchanged
[petrography-import] ISic003269: unchanged
[petrography-import] ISic003271: unchanged
[petrography-import] ISic003273: unchanged
[petrography-import] ISic003274: unchanged
[petrography-import] ISic003275: unchanged
[petrography-import] ISic003276: unchanged
[petrography-import] ISic003277: unchanged
[petrography-import] ISic003279: unchanged
[petrography-import] ISic003280: unchanged
[petrography-import] ISic003285: unchanged
[petrography-import] ISic003288: unchanged
[petrography-import] ISic003289: unchanged
[petrography-import] ISic003290: unchanged
[petrography-import] ISic003292: unchanged
[petrography-import] ISic003293: unchanged
[petrography-import] ISic003294: unchanged
[petrography-import] ISic003296: modified
[petrography-import] ISic003297: unchanged
[petrography-import] ISic003298: unchanged
[petrography-import] ISic003300: unchanged
[petrography-import] ISic003301: unchanged
[petrography-import] ISic003302: unchanged
[petrography-import] ISic003304: unchanged
[petrography-import] ISic003305: unchanged
[petrography-import] ISic003306: unchanged
[petrography-import] ISic003307: unchanged
[petrography-import] ISic003308: unchanged
[petrography-import] ISic003310: unchanged
[petrography-import] ISic003311: unchanged
[petrography-import] ISic003312: unchanged
[petrography-import] ISic003313: unchanged
[petrography-import] ISic003314: unchanged
[petrography-import] ISic003315: unchanged
[petrography-import] ISic003316: unchanged
[petrography-import] ISic003317: unchanged
[petrography-import] ISic003318: unchanged
[petrography-import] ISic003319: unchanged
[petrography-import] ISic003320: unchanged
[petrography-import] ISic003321: modified
[petrography-import] ISic003322: modified
[petrography-import] ISic003324: unchanged
[petrography-import] ISic003326: modified
[petrography-import] ISic003327: unchanged
[petrography-import] ISic003328: modified
[petrography-import] ISic003329: modified
[petrography-import] ISic003330: modified
[petrography-import] ISic003331: modified
[petrography-import] ISic003334: modified
[petrography-import] ISic003335: unchanged
[petrography-import] ISic003337: modified
[petrography-import] ISic003338: unchanged
[petrography-import] ISic003339: unchanged
[petrography-import] ISic003342: unchanged
[petrography-import] ISic003345: modified
[petrography-import] ISic003346: unchanged
[petrography-import] ISic003348: modified
[petrography-import] ISic003349: unchanged
[petrography-import] ISic003351: modified
[petrography-import] ISic003355: modified
[petrography-import] ISic003356: modified
[petrography-import] ISic003357: modified
[petrography-import] ISic003358: modified
[petrography-import] ISic003359: modified
[petrography-import] ISic003360: modified
[petrography-import] ISic003361: modified
[petrography-import] ISic003362: modified
[petrography-import] ISic003363: modified
[petrography-import] ISic003364: modified
[petrography-import] ISic003365: modified
[petrography-import] ISic003367: modified
[petrography-import] ISic003368: modified
[petrography-import] ISic003369: modified
[petrography-import] ISic003370: modified
[petrography-import] ISic003372: modified
[petrography-import] ISic003373: modified
[petrography-import] ISic003374: modified
[petrography-import] ISic003375: modified
[petrography-import] ISic003376: modified
[petrography-import] ISic003377: modified
[petrography-import] ISic003378: unchanged
[petrography-import] ISic003379: unchanged
[petrography-import] ISic003380: modified
[petrography-import] ISic003381: modified
[petrography-import] ISic003382: modified
[petrography-import] ISic003383: modified
[petrography-import] ISic003384: modified
[petrography-import] ISic003385: modified
[petrography-import] ISic003386: modified
[petrography-import] ISic003387: modified
[petrography-import] ISic003388: modified
[petrography-import] ISic003390: unchanged
[petrography-import] ISic003391: unchanged
[petrography-import] ISic003393: modified
[petrography-import] ISic003394: modified
[petrography-import] ISic003395: modified
[petrography-import] ISic003396: modified
[petrography-import] ISic003397: modified
[petrography-import] ISic003398: modified
[petrography-import] ISic003400: modified
[petrography-import] ISic003404: modified
[petrography-import] ISic003405: unchanged
[petrography-import] ISic003407: modified
[petrography-import] ISic003411: unchanged
[petrography-import] ISic003412: modified
[petrography-import] ISic003415: modified
[petrography-import] ISic003418: modified
[petrography-import] ISic003419: modified
[petrography-import] ISic003420: unchanged
[petrography-import] ISic003422: unchanged
[petrography-import] ISic003423: unchanged
[petrography-import] ISic003424: unchanged
[petrography-import] ISic003425: modified
[petrography-import] ISic003426: modified
[petrography-import] ISic003428: modified
[petrography-import] ISic003430: unchanged
[petrography-import] ISic003431: unchanged
[petrography-import] ISic003433: unchanged
[petrography-import] ISic003447: modified
[petrography-import] ISic003449: unchanged
[petrography-import] ISic003457: modified
[petrography-import] ISic003458: modified
[petrography-import] ISic003459: modified
[petrography-import] ISic003460: modified
[petrography-import] ISic003462: modified
[petrography-import] ISic003477: modified
[petrography-import] ISic003483: unchanged
[petrography-import] ISic003484: modified
[petrography-import] ISic003499: unchanged
[petrography-import] ISic003500: modified
[petrography-import] ISic003502: unchanged
[petrography-import] ISic003510: unchanged
[petrography-import] ISic003511: unchanged
[petrography-import] ISic003525: unchanged
[petrography-import] ISic003531: unchanged
[petrography-import] ISic003567: unchanged
[petrography-import] ISic003570: modified
[petrography-import] ISic003571: modified
[petrography-import] ISic003572: unchanged
[petrography-import] ISic003573: unchanged
[petrography-import] ISic003574: modified
[petrography-import] ISic003575: modified
[petrography-import] ISic003576: modified
[petrography-import] ISic003577: unchanged
[petrography-import] ISic003578: modified
[petrography-import] ISic003579: modified
[petrography-import] ISic003580: unchanged
[petrography-import] ISic003581: unchanged
[petrography-import] ISic003582: modified
[petrography-import] ISic003583: unchanged
[petrography-import] ISic003584: unchanged
[petrography-import] ISic003585: unchanged
[petrography-import] ISic003586: unchanged
[petrography-import] ISic003587: unchanged
[petrography-import] ISic003588: unchanged
[petrography-import] ISic003589: unchanged
[petrography-import] ISic003590: unchanged
[petrography-import] ISic003591: unchanged
[petrography-import] ISic003612: unchanged
[petrography-import] ISic003628: unchanged
[petrography-import] ISic003640: modified
[petrography-import] ISic003644: modified
[petrography-import] ISic003646: unchanged
[petrography-import] ISic003647: modified
[petrography-import] ISic003648: modified
[petrography-import] ISic003649: unchanged
[petrography-import] ISic003651: modified
[petrography-import] ISic003652: unchanged
[petrography-import] ISic003656: modified
[petrography-import] ISic003658: modified
[petrography-import] ISic003660: modified
[petrography-import] ISic003661: modified
[petrography-import] ISic003662: modified
[petrography-import] ISic003667: unchanged
[petrography-import] ISic003668: unchanged
[petrography-import] ISic003670: unchanged
[petrography-import] ISic003671: unchanged
[petrography-import] ISic003672: modified
[petrography-import] ISic003674: unchanged
[petrography-import] ISic003678: unchanged
[petrography-import] ISic003685: modified
[petrography-import] ISic003686: modified
[petrography-import] ISic003688: modified
[petrography-import] ISic003689: modified
[petrography-import] ISic003690: unchanged
[petrography-import] ISic003699: modified
[petrography-import] ISic003702: modified
[petrography-import] ISic003712: modified
[petrography-import] ISic003713: modified
[petrography-import] ISic003714: modified
[petrography-import] ISic003716: unchanged
[petrography-import] ISic003752: unchanged
[petrography-import] ISic003753: unchanged
[petrography-import] ISic003812: unchanged
[petrography-import] ISic003823: unchanged
[petrography-import] ISic003851: unchanged
[petrography-import] ISic003928: unchanged
[petrography-import] ISic004021: unchanged
[petrography-import] ISic004083: modified
[petrography-import] ISic004271: modified
[petrography-import] ISic004275: unchanged
[petrography-import] ISic004278: unchanged
[petrography-import] ISic004289: unchanged
[petrography-import] ISic004292: modified
[petrography-import] ISic004340: unchanged
[petrography-import] ISic004341: unchanged
[petrography-import] ISic004342: modified
[petrography-import] ISic004343: unchanged
[petrography-import] ISic004344: unchanged
[petrography-import] ISic004345: unchanged
[petrography-import] ISic004346: unchanged
[petrography-import] ISic004347: unchanged
[petrography-import] ISic004348: unchanged
[petrography-import] ISic004349: modified
[petrography-import] ISic004350: unchanged
[petrography-import] ISic004352: unchanged
[petrography-import] ISic004353: unchanged
[petrography-import] ISic004354: unchanged
[petrography-import] ISic004355: unchanged
[petrography-import] ISic004357: modified
[petrography-import] ISic004359: unchanged
[petrography-import] ISic004360: unchanged
[petrography-import] ISic004361: unchanged
[petrography-import] ISic004362: modified
[petrography-import] ISic004363: modified
[petrography-import] ISic004364: unchanged
[petrography-import] ISic004365: unchanged
[petrography-import] ISic004366: unchanged
[petrography-import] ISic004367: unchanged
[petrography-import] ISic004368: modified
[petrography-import] ISic004370: modified
[petrography-import] ISic004371: unchanged
[petrography-import] ISic004372: unchanged
[petrography-import] ISic004373: unchanged
[petrography-import] ISic004377: modified
[petrography-import] ISic004378: unchanged
[petrography-import] ISic004381: unchanged
[petrography-import] ISic004382: unchanged
[petrography-import] ISic004383: unchanged
[petrography-import] ISic004385: modified
[petrography-import] ISic004386: modified
[petrography-import] ISic004388: modified
[petrography-import] ISic004389: modified
[petrography-import] ISic004392: no XML file found, skipped
[petrography-import] ISic004395: modified
[petrography-import] ISic004396: modified
[petrography-import] ISic004404: unchanged
[petrography-import] ISic004406: modified
[petrography-import] ISic004407: modified
[petrography-import] ISic004409: unchanged
[petrography-import] ISic004410: unchanged
[petrography-import] ISic004434: modified
[petrography-import] ISic004438: unchanged
[petrography-import] ISic004439: unchanged
[petrography-import] ISic004441: unchanged
[petrography-import] ISic004442: unchanged
[petrography-import] ISic004443: unchanged
[petrography-import] ISic004444: unchanged
[petrography-import] ISic004445: unchanged
[petrography-import] ISic004446: unchanged
[petrography-import] ISic004447: modified
[petrography-import] ISic004448: unchanged
[petrography-import] ISic004449: unchanged
[petrography-import] ISic004450: modified
[petrography-import] ISic004451: unchanged
[petrography-import] ISic004452: modified
[petrography-import] ISic004453: unchanged
[petrography-import] ISic004455: modified
[petrography-import] ISic004456: modified
[petrography-import] ISic004457: modified
[petrography-import] ISic004458: unchanged
[petrography-import] ISic004459: unchanged
[petrography-import] ISic004460: unchanged
[petrography-import] ISic004461: unchanged
[petrography-import] ISic004462: unchanged
[petrography-import] ISic004463: unchanged
[petrography-import] ISic004464: unchanged
[petrography-import] ISic004465: modified
[petrography-import] ISic004466: no XML file found, skipped
[petrography-import] ISic004467: unchanged
[petrography-import] ISic004468: unchanged
[petrography-import] ISic004469: modified
[petrography-import] ISic004470: modified
[petrography-import] ISic004471: modified
[petrography-import] ISic004472: modified
[petrography-import] ISic004473: modified
[petrography-import] ISic004474: modified
[petrography-import] ISic004475: unchanged
[petrography-import] ISic004476: modified
[petrography-import] ISic004478: modified
[petrography-import] ISic004481: modified
[petrography-import] ISic004487: modified
[petrography-import] ISic004488: modified
[petrography-import] ISic004503: modified
[petrography-import] ISic004504: no XML file found, skipped
[petrography-import] ISic004505: no XML file found, skipped
[petrography-import] ISic004506: no XML file found, skipped
[petrography-import] ISic004507: no XML file found, skipped
[petrography-import] ISic004508: no XML file found, skipped
[petrography-import] ISic004509: no XML file found, skipped
[petrography-import] ISic004510: no XML file found, skipped
[petrography-import] ISic004511: no XML file found, skipped
[petrography-import] ISic004512: no XML file found, skipped
[petrography-import] ISic004513: no XML file found, skipped
[petrography-import] ISic004514: no XML file found, skipped
[petrography-import] ISic004519: no XML file found, skipped
[petrography-import] ISic020001: unchanged
[petrography-import] ISic020002: unchanged
[petrography-import] ISic020003: unchanged
[petrography-import] ISic020004: unchanged
[petrography-import] ISic020005: unchanged
[petrography-import] ISic020006: unchanged
[petrography-import] ISic020007: unchanged
[petrography-import] ISic020008: unchanged
[petrography-import] ISic020009: unchanged
[petrography-import] ISic020010: unchanged
[petrography-import] ISic020011: unchanged
[petrography-import] ISic020012: unchanged
[petrography-import] ISic020013: unchanged
[petrography-import] ISic020014: unchanged
[petrography-import] ISic020015: unchanged
[petrography-import] ISic020016: unchanged
[petrography-import] ISic020017: unchanged
[petrography-import] ISic020018: unchanged
[petrography-import] ISic020019: unchanged
[petrography-import] ISic020020: unchanged
[petrography-import] ISic020021: unchanged
[petrography-import] ISic020022: unchanged
[petrography-import] ISic020023: unchanged
[petrography-import] ISic020024: unchanged
[petrography-import] ISic020025: unchanged
[petrography-import] ISic020026: unchanged
[petrography-import] ISic020027: unchanged
[petrography-import] ISic020028: unchanged
[petrography-import] ISic020029: unchanged
[petrography-import] ISic020030: unchanged
[petrography-import] ISic020031: unchanged
[petrography-import] ISic020032: unchanged
[petrography-import] ISic020033: unchanged
[petrography-import] ISic020034: unchanged
[petrography-import] ISic020035: unchanged
[petrography-import] ISic020036: unchanged
[petrography-import] ISic020037: unchanged
[petrography-import] ISic020038: unchanged
[petrography-import] ISic020039: unchanged
[petrography-import] ISic020040: unchanged
[petrography-import] ISic020041: unchanged
[petrography-import] ISic020042: unchanged
[petrography-import] ISic020043: unchanged
[petrography-import] ISic020044: unchanged
[petrography-import] ISic020045: unchanged
[petrography-import] ISic020046: unchanged
[petrography-import] ISic020047: unchanged
[petrography-import] ISic020048: unchanged
[petrography-import] ISic020049: unchanged
[petrography-import] ISic020050: unchanged
[petrography-import] ISic020051: unchanged
[petrography-import] ISic020052: unchanged
[petrography-import] ISic020053: unchanged
[petrography-import] ISic020054: unchanged
[petrography-import] ISic020055: unchanged
[petrography-import] ISic020056: unchanged
[petrography-import] ISic020057: unchanged
[petrography-import] ISic020058: unchanged
[petrography-import] ISic020059: unchanged
[petrography-import] ISic020060: unchanged
[petrography-import] ISic020061: unchanged
[petrography-import] ISic020062: unchanged
[petrography-import] ISic020063: unchanged
[petrography-import] ISic020064: unchanged
[petrography-import] ISic020065: unchanged
[petrography-import] ISic020066: unchanged
[petrography-import] ISic020067: unchanged
[petrography-import] ISic020068: unchanged
[petrography-import] ISic020069: unchanged
[petrography-import] ISic020070: unchanged
[petrography-import] ISic020071: unchanged
[petrography-import] ISic020072: unchanged
[petrography-import] ISic020073: unchanged
[petrography-import] ISic020074: unchanged
[petrography-import] ISic020075: unchanged
[petrography-import] ISic020076: unchanged
[petrography-import] ISic020077: unchanged
[petrography-import] ISic020078: unchanged
[petrography-import] ISic020079: unchanged
[petrography-import] ISic020080: unchanged
[petrography-import] ISic020081: unchanged
[petrography-import] ISic020082: unchanged
[petrography-import] ISic020083: unchanged
[petrography-import] ISic020084: unchanged
[petrography-import] ISic020085: unchanged
[petrography-import] ISic020086: unchanged
[petrography-import] ISic020087: unchanged
[petrography-import] ISic020088: unchanged
[petrography-import] ISic020089: unchanged
[petrography-import] ISic020090: unchanged
[petrography-import] ISic020091: unchanged
[petrography-import] ISic020092: unchanged
[petrography-import] ISic020093: unchanged
[petrography-import] ISic020094: unchanged
[petrography-import] ISic020095: unchanged
[petrography-import] ISic020096: unchanged
[petrography-import] ISic020097: unchanged
[petrography-import] ISic020098: unchanged
[petrography-import] ISic020099: unchanged
[petrography-import] ISic020100: unchanged
[petrography-import] ISic020101: unchanged
[petrography-import] ISic020102: unchanged
[petrography-import] ISic020103: unchanged
[petrography-import] ISic020104: unchanged
[petrography-import] ISic020105: unchanged
[petrography-import] ISic020106: unchanged
[petrography-import] ISic020107: unchanged
[petrography-import] ISic020108: unchanged
[petrography-import] ISic020109: unchanged
[petrography-import] ISic020110: unchanged
[petrography-import] ISic020111: unchanged
[petrography-import] ISic020112: unchanged
[petrography-import] ISic020113: unchanged
[petrography-import] ISic020114: unchanged
[petrography-import] ISic020115: unchanged
[petrography-import] ISic020116: unchanged
[petrography-import] ISic020117: unchanged
[petrography-import] ISic020118: unchanged
[petrography-import] ISic020119: unchanged
[petrography-import] ISic020120: unchanged
[petrography-import] ISic020121: unchanged
[petrography-import] ISic020122: unchanged
[petrography-import] ISic020123: unchanged
[petrography-import] ISic020124: unchanged
[petrography-import] ISic020125: unchanged
[petrography-import] ISic020126: unchanged
[petrography-import] ISic020127: unchanged
[petrography-import] ISic020128: unchanged
[petrography-import] ISic020129: unchanged
[petrography-import] ISic020130: unchanged
[petrography-import] ISic020131: unchanged
[petrography-import] ISic020132: unchanged
[petrography-import] ISic020133: unchanged
[petrography-import] ISic020134: unchanged
[petrography-import] ISic020135: unchanged
[petrography-import] ISic020136: unchanged
[petrography-import] ISic020137: unchanged
[petrography-import] ISic020138: unchanged
[petrography-import] ISic020139: unchanged
[petrography-import] ISic020140: unchanged
[petrography-import] ISic020141: unchanged
[petrography-import] ISic020142: unchanged
[petrography-import] ISic020143: unchanged
[petrography-import] ISic020144: unchanged
[petrography-import] ISic020145: unchanged
[petrography-import] ISic020146: unchanged
[petrography-import] ISic020147: unchanged
[petrography-import] ISic020148: unchanged
[petrography-import] ISic020149: unchanged
[petrography-import] ISic020150: unchanged
[petrography-import] ISic020151: unchanged
[petrography-import] ISic020152: unchanged
[petrography-import] ISic020153: unchanged
[petrography-import] ISic020154: unchanged
[petrography-import] ISic020155: unchanged
[petrography-import] ISic020156: unchanged
[petrography-import] ISic020157: unchanged
[petrography-import] ISic020158: unchanged
[petrography-import] ISic020159: unchanged
[petrography-import] ISic020160: unchanged
[petrography-import] ISic020161: unchanged
[petrography-import] ISic020162: unchanged
[petrography-import] ISic020163: unchanged
[petrography-import] ISic020164: unchanged
[petrography-import] ISic020165: unchanged
[petrography-import] ISic020166: unchanged
[petrography-import] ISic020167: unchanged
[petrography-import] ISic020168: unchanged
[petrography-import] ISic020169: unchanged
[petrography-import] ISic020170: unchanged
[petrography-import] ISic020171: unchanged
[petrography-import] ISic020172: unchanged
[petrography-import] ISic020173: unchanged
[petrography-import] ISic020174: unchanged
[petrography-import] ISic020175: unchanged
[petrography-import] ISic020176: unchanged
[petrography-import] ISic020177: unchanged
[petrography-import] ISic020178: unchanged
[petrography-import] ISic020179: unchanged
[petrography-import] ISic020180: unchanged
[petrography-import] ISic020181: unchanged
[petrography-import] ISic020182: unchanged
[petrography-import] ISic020183: unchanged
[petrography-import] ISic020184: unchanged
[petrography-import] ISic020185: unchanged
[petrography-import] ISic020186: unchanged
[petrography-import] ISic020187: unchanged
[petrography-import] ISic020188: unchanged
[petrography-import] ISic020189: unchanged
[petrography-import] ISic020190: unchanged
[petrography-import] ISic020191: unchanged
[petrography-import] ISic020192: unchanged
[petrography-import] ISic020193: unchanged
[petrography-import] ISic020194: unchanged
[petrography-import] ISic020195: unchanged
[petrography-import] ISic020196: unchanged
[petrography-import] ISic020197: unchanged
[petrography-import] ISic020198: unchanged
[petrography-import] ISic020199: unchanged
[petrography-import] ISic020200: unchanged
[petrography-import] ISic020201: unchanged
[petrography-import] ISic020202: unchanged
[petrography-import] ISic020203: unchanged
[petrography-import] ISic020204: unchanged
[petrography-import] ISic020205: unchanged
[petrography-import] ISic020206: unchanged
[petrography-import] ISic020207: unchanged
[petrography-import] ISic020208: unchanged
[petrography-import] ISic020209: unchanged
[petrography-import] ISic020210: unchanged
[petrography-import] ISic020211: unchanged
[petrography-import] ISic020212: unchanged
[petrography-import] ISic020213: unchanged
[petrography-import] ISic020214: unchanged
[petrography-import] ISic020215: unchanged
[petrography-import] ISic020216: unchanged
[petrography-import] ISic020217: unchanged
[petrography-import] ISic020218: unchanged
[petrography-import] ISic020219: unchanged
[petrography-import] ISic020220: unchanged
[petrography-import] ISic020221: unchanged
[petrography-import] ISic020222: unchanged
[petrography-import] ISic020223: unchanged
[petrography-import] ISic020224: unchanged
[petrography-import] ISic020225: unchanged
[petrography-import] ISic020226: unchanged
[petrography-import] ISic020227: unchanged
[petrography-import] ISic020228: unchanged
[petrography-import] ISic020229: unchanged
[petrography-import] ISic020230: unchanged
[petrography-import] ISic020231: unchanged
[petrography-import] ISic020232: unchanged
[petrography-import] ISic020233: unchanged
[petrography-import] ISic020234: unchanged
[petrography-import] ISic020235: unchanged
[petrography-import] ISic020236: unchanged
[petrography-import] ISic020237: unchanged
[petrography-import] ISic020238: unchanged
[petrography-import] ISic020239: unchanged
[petrography-import] ISic020240: unchanged
[petrography-import] ISic020241: unchanged
[petrography-import] ISic020242: unchanged
[petrography-import] ISic020243: unchanged
[petrography-import] ISic020244: unchanged
[petrography-import] ISic020245: unchanged
[petrography-import] ISic020246: unchanged
[petrography-import] ISic020247: unchanged
[petrography-import] ISic020248: unchanged
[petrography-import] ISic020249: unchanged
[petrography-import] ISic020250: unchanged
[petrography-import] ISic020251: unchanged
[petrography-import] ISic020252: unchanged
[petrography-import] ISic020253: unchanged
[petrography-import] ISic020254: unchanged
[petrography-import] ISic020255: unchanged
[petrography-import] ISic020256: unchanged
[petrography-import] ISic020257: unchanged
[petrography-import] ISic020258: unchanged
[petrography-import] ISic020259: unchanged
[petrography-import] ISic020260: unchanged
[petrography-import] ISic020261: unchanged
[petrography-import] ISic020262: unchanged
[petrography-import] ISic020263: unchanged
[petrography-import] ISic020264: unchanged
[petrography-import] ISic020265: unchanged
[petrography-import] ISic020266: unchanged
[petrography-import] ISic020267: unchanged
[petrography-import] ISic020268: unchanged
[petrography-import] ISic020269: unchanged
[petrography-import] ISic020270: unchanged
[petrography-import] ISic020271: unchanged
[petrography-import] ISic020272: unchanged
[petrography-import] ISic020273: unchanged
[petrography-import] ISic020274: unchanged
[petrography-import] ISic020275: unchanged
[petrography-import] ISic020276: unchanged
[petrography-import] ISic020277: unchanged
[petrography-import] ISic020278: unchanged
[petrography-import] ISic020279: unchanged
[petrography-import] ISic020280: unchanged
[petrography-import] ISic020281: unchanged
[petrography-import] ISic020282: unchanged
[petrography-import] ISic020283: unchanged
[petrography-import] ISic020284: unchanged
[petrography-import] ISic020285: unchanged
[petrography-import] ISic020286: unchanged
[petrography-import] ISic020287: unchanged
[petrography-import] ISic020288: unchanged
[petrography-import] ISic020289: unchanged
[petrography-import] ISic020290: unchanged
[petrography-import] ISic020291: unchanged
[petrography-import] ISic020292: unchanged
[petrography-import] ISic020293: unchanged
[petrography-import] ISic020294: unchanged
[petrography-import] ISic020295: unchanged
[petrography-import] ISic020296: unchanged
[petrography-import] ISic020297: unchanged
[petrography-import] ISic020298: unchanged
[petrography-import] ISic020299: unchanged
[petrography-import] ISic020300: unchanged
[petrography-import] ISic020301: unchanged
[petrography-import] ISic020302: unchanged
[petrography-import] ISic020303: unchanged
[petrography-import] ISic020304: unchanged
[petrography-import] ISic020305: unchanged
[petrography-import] ISic020306: unchanged
[petrography-import] ISic020307: unchanged
[petrography-import] ISic020308: unchanged
[petrography-import] ISic020309: unchanged
[petrography-import] ISic020310: unchanged
[petrography-import] ISic020311: unchanged
[petrography-import] ISic020312: unchanged
[petrography-import] ISic020313: unchanged
[petrography-import] ISic020314: unchanged
[petrography-import] ISic020315: unchanged
[petrography-import] ISic020316: unchanged
[petrography-import] ISic020317: unchanged
[petrography-import] ISic020318: unchanged
[petrography-import] ISic020319: unchanged
[petrography-import] ISic020320: unchanged
[petrography-import] ISic020321: unchanged
[petrography-import] ISic020322: unchanged
[petrography-import] ISic020323: unchanged
[petrography-import] ISic020324: unchanged
[petrography-import] ISic020325: unchanged
[petrography-import] ISic020326: unchanged
[petrography-import] ISic020327: unchanged
[petrography-import] ISic020328: unchanged
[petrography-import] ISic020329: unchanged
[petrography-import] ISic020330: unchanged
[petrography-import] ISic020331: unchanged
[petrography-import] ISic020332: unchanged
[petrography-import] ISic020333: unchanged
[petrography-import] ISic020334: unchanged
[petrography-import] ISic020335: unchanged
[petrography-import] ISic020336: unchanged
[petrography-import] ISic020337: unchanged
[petrography-import] ISic020338: unchanged
[petrography-import] ISic020339: unchanged
[petrography-import] ISic020340: unchanged
[petrography-import] ISic020341: unchanged
[petrography-import] ISic020342: unchanged
[petrography-import] ISic020343: unchanged
[petrography-import] ISic020344: unchanged
[petrography-import] ISic020345: unchanged
[petrography-import] ISic020346: unchanged
[petrography-import] ISic020347: unchanged
[petrography-import] ISic020348: unchanged
[petrography-import] ISic020349: unchanged
[petrography-import] ISic020350: unchanged
[petrography-import] ISic020351: unchanged
[petrography-import] ISic020352: unchanged
[petrography-import] ISic020353: unchanged
[petrography-import] ISic020354: unchanged
[petrography-import] ISic020355: unchanged
[petrography-import] ISic020356: unchanged
[petrography-import] ISic020357: unchanged
[petrography-import] ISic020358: unchanged
[petrography-import] ISic020359: unchanged
[petrography-import] ISic020360: unchanged
[petrography-import] ISic020361: unchanged
[petrography-import] ISic020362: unchanged
[petrography-import] ISic020363: unchanged
[petrography-import] ISic020364: unchanged
[petrography-import] ISic020365: unchanged
[petrography-import] ISic020366: unchanged
[petrography-import] ISic020367: unchanged
[petrography-import] ISic020368: unchanged
[petrography-import] ISic020369: unchanged
[petrography-import] ISic020370: unchanged
[petrography-import] ISic020371: unchanged
[petrography-import] ISic020372: unchanged
[petrography-import] ISic020373: unchanged
[petrography-import] ISic020374: unchanged
[petrography-import] ISic020375: unchanged
[petrography-import] ISic020376: unchanged
[petrography-import] ISic020377: unchanged
[petrography-import] ISic020378: unchanged
[petrography-import] ISic020379: unchanged
[petrography-import] ISic020380: unchanged
[petrography-import] ISic020381: unchanged
[petrography-import] ISic020382: unchanged
[petrography-import] ISic020383: unchanged
[petrography-import] ISic020384: unchanged
[petrography-import] ISic020385: unchanged
[petrography-import] ISic020386: unchanged
[petrography-import] ISic020387: unchanged
[petrography-import] ISic020388: unchanged
[petrography-import] ISic020389: unchanged
[petrography-import] ISic020390: unchanged
[petrography-import] ISic020391: unchanged
[petrography-import] ISic020392: unchanged
[petrography-import] ISic020393: unchanged
[petrography-import] ISic020394: unchanged
[petrography-import] ISic020395: unchanged
[petrography-import] ISic020396: unchanged
[petrography-import] ISic020397: unchanged
[petrography-import] ISic020398: unchanged
[petrography-import] ISic020399: unchanged
[petrography-import] ISic020400: unchanged
[petrography-import] ISic020401: unchanged
[petrography-import] ISic020402: unchanged
[petrography-import] ISic020403: unchanged
[petrography-import] ISic020404: unchanged
[petrography-import] ISic020405: unchanged
[petrography-import] ISic020406: unchanged
[petrography-import] ISic020407: unchanged
[petrography-import] ISic020408: unchanged
[petrography-import] ISic020409: unchanged
[petrography-import] ISic020410: unchanged
[petrography-import] ISic020411: unchanged
[petrography-import] ISic020412: unchanged
[petrography-import] ISic020413: unchanged
[petrography-import] ISic020414: unchanged
[petrography-import] ISic020415: unchanged
[petrography-import] ISic020416: unchanged
[petrography-import] ISic020417: unchanged
[petrography-import] ISic020418: unchanged
[petrography-import] ISic020419: unchanged
[petrography-import] ISic020420: unchanged
[petrography-import] ISic020421: unchanged
[petrography-import] ISic020422: unchanged
[petrography-import] ISic020423: unchanged
[petrography-import] ISic020424: unchanged
[petrography-import] ISic020425: unchanged
[petrography-import] ISic020426: unchanged
[petrography-import] ISic020427: unchanged
[petrography-import] ISic020428: unchanged
[petrography-import] ISic020429: unchanged
[petrography-import] ISic020430: unchanged
[petrography-import] ISic020431: unchanged
[petrography-import] ISic020432: unchanged
[petrography-import] ISic020433: unchanged
[petrography-import] ISic020434: unchanged
[petrography-import] ISic020435: unchanged
[petrography-import] ISic020436: unchanged
[petrography-import] ISic020437: unchanged
[petrography-import] ISic020438: unchanged
[petrography-import] ISic020439: unchanged
[petrography-import] ISic020440: unchanged
[petrography-import] ISic020441: unchanged
[petrography-import] ISic020442: unchanged
[petrography-import] ISic020443: unchanged
[petrography-import] ISic020444: unchanged
[petrography-import] ISic020445: unchanged
[petrography-import] ISic020446: unchanged
[petrography-import] ISic020447: unchanged
[petrography-import] ISic020448: unchanged
[petrography-import] ISic020450: unchanged
[petrography-import] ISic020451: unchanged
[petrography-import] ISic020452: unchanged
[petrography-import] ISic020453: unchanged
[petrography-import] ISic020454: unchanged
[petrography-import] ISic020455: unchanged
[petrography-import] ISic020456: unchanged
[petrography-import] ISic020457: unchanged
[petrography-import] ISic020458: unchanged
[petrography-import] ISic020459: unchanged
[petrography-import] ISic020460: unchanged
[petrography-import] ISic020461: unchanged
[petrography-import] ISic020462: unchanged
[petrography-import] ISic020463: unchanged
[petrography-import] ISic020464: unchanged
[petrography-import] ISic020465: unchanged
[petrography-import] ISic020466: unchanged
[petrography-import] ISic020467: unchanged
[petrography-import] ISic020468: unchanged
[petrography-import] ISic020469: unchanged
[petrography-import] ISic020470: unchanged
[petrography-import] ISic020471: unchanged
[petrography-import] ISic020472: unchanged
[petrography-import] ISic020473: unchanged
[petrography-import] ISic020474: unchanged
[petrography-import] ISic020475: unchanged
[petrography-import] ISic020476: unchanged
[petrography-import] ISic020477: unchanged
[petrography-import] ISic020478: unchanged
[petrography-import] ISic020479: unchanged
[petrography-import] ISic020480: unchanged
[petrography-import] ISic020481: unchanged
[petrography-import] ISic020482: unchanged
[petrography-import] ISic020483: unchanged
[petrography-import] ISic020484: unchanged
[petrography-import] ISic020485: unchanged
[petrography-import] ISic020486: unchanged
[petrography-import] ISic020487: unchanged
[petrography-import] ISic020488: unchanged
[petrography-import] ISic020489: unchanged
[petrography-import] ISic020490: unchanged
[petrography-import] ISic020491: unchanged
[petrography-import] ISic020492: unchanged
[petrography-import] ISic020493: unchanged
[petrography-import] ISic020494: unchanged
[petrography-import] ISic020495: unchanged
[petrography-import] ISic020496: unchanged
[petrography-import] ISic020497: unchanged
[petrography-import] ISic020499: unchanged
[petrography-import] ISic020500: unchanged
[petrography-import] ISic020501: unchanged
[petrography-import] ISic020502: unchanged
[petrography-import] ISic020503: unchanged
[petrography-import] ISic020504: unchanged
[petrography-import] ISic020505: unchanged
[petrography-import] ISic020506: unchanged
[petrography-import] ISic020507: unchanged
[petrography-import] ISic020508: unchanged
[petrography-import] ISic020509: unchanged
[petrography-import] ISic020510: unchanged
[petrography-import] ISic020511: unchanged
[petrography-import] ISic020512: unchanged
[petrography-import] ISic020513: unchanged
[petrography-import] ISic020514: unchanged
[petrography-import] ISic020515: unchanged
[petrography-import] ISic020516: unchanged
[petrography-import] ISic020517: unchanged
[petrography-import] ISic020518: unchanged
[petrography-import] ISic020519: unchanged
[petrography-import] ISic020520: unchanged
[petrography-import] ISic020521: unchanged
[petrography-import] ISic020522: unchanged
[petrography-import] ISic020523: unchanged
[petrography-import] ISic020524: unchanged
[petrography-import] ISic020525: unchanged
[petrography-import] ISic020526: unchanged
[petrography-import] ISic020527: unchanged
[petrography-import] ISic020528: unchanged
[petrography-import] ISic020529: unchanged
[petrography-import] ISic020530: unchanged
[petrography-import] ISic020531: unchanged
[petrography-import] ISic020532: unchanged
[petrography-import] ISic020533: unchanged
[petrography-import] ISic020534: unchanged
[petrography-import] ISic020535: unchanged
[petrography-import] ISic020536: unchanged
[petrography-import] ISic020537: unchanged
[petrography-import] ISic020538: unchanged
[petrography-import] ISic020539: unchanged
[petrography-import] ISic020540: unchanged
[petrography-import] ISic020541: unchanged
[petrography-import] ISic020542: unchanged
[petrography-import] ISic020543: unchanged
[petrography-import] ISic020544: unchanged
[petrography-import] ISic020545: unchanged
[petrography-import] ISic020546: unchanged
[petrography-import] ISic020547: unchanged
[petrography-import] ISic020548: unchanged
[petrography-import] ISic020549: unchanged
[petrography-import] ISic020550: unchanged
[petrography-import] ISic020551: unchanged
[petrography-import] ISic020552: unchanged
[petrography-import] ISic020553: unchanged
[petrography-import] ISic020554: unchanged
[petrography-import] ISic020555: unchanged
[petrography-import] ISic020556: unchanged
[petrography-import] ISic020558: unchanged
[petrography-import] ISic020559: unchanged
[petrography-import] ISic020560: unchanged
[petrography-import] ISic020561: unchanged
[petrography-import] ISic020562: unchanged
[petrography-import] ISic020563: unchanged
[petrography-import] ISic020564: unchanged
[petrography-import] ISic020565: unchanged
[petrography-import] ISic020566: unchanged
[petrography-import] ISic020567: unchanged
[petrography-import] ISic020568: unchanged
[petrography-import] ISic020569: unchanged
[petrography-import] ISic020570: unchanged
[petrography-import] ISic020571: unchanged
[petrography-import] ISic020572: unchanged
[petrography-import] ISic020573: unchanged
[petrography-import] ISic020574: unchanged
[petrography-import] ISic020575: unchanged
[petrography-import] ISic020576: unchanged
[petrography-import] ISic020577: unchanged
[petrography-import] ISic020578: unchanged
[petrography-import] ISic020579: unchanged
[petrography-import] ISic020580: unchanged
[petrography-import] ISic020581: unchanged
[petrography-import] ISic020582: unchanged
[petrography-import] ISic020583: unchanged
[petrography-import] ISic020584: unchanged
[petrography-import] ISic020585: unchanged
[petrography-import] ISic020586: unchanged
[petrography-import] ISic020587: unchanged
[petrography-import] ISic020588: unchanged
[petrography-import] ISic020589: unchanged
[petrography-import] ISic020590: unchanged
[petrography-import] ISic020591: unchanged
[petrography-import] ISic020592: unchanged
[petrography-import] ISic020593: unchanged
[petrography-import] ISic020594: unchanged
[petrography-import] ISic020595: unchanged
[petrography-import] ISic020596: unchanged
[petrography-import] ISic020597: unchanged
[petrography-import] ISic020598: unchanged
[petrography-import] ISic020599: unchanged
[petrography-import] ISic020600: unchanged
[petrography-import] ISic020601: unchanged
[petrography-import] ISic020602: unchanged
[petrography-import] ISic020603: unchanged
[petrography-import] ISic020604: unchanged
[petrography-import] ISic020605: unchanged
[petrography-import] ISic020606: unchanged
[petrography-import] ISic020607: unchanged
[petrography-import] ISic020608: unchanged
[petrography-import] ISic020609: unchanged
[petrography-import] ISic020610: unchanged
[petrography-import] ISic020611: unchanged
[petrography-import] ISic020612: unchanged
[petrography-import] ISic020613: unchanged
[petrography-import] ISic020614: unchanged
[petrography-import] ISic020615: unchanged
[petrography-import] ISic020616: unchanged
[petrography-import] ISic020617: unchanged
[petrography-import] ISic020618: unchanged
[petrography-import] ISic020619: unchanged
[petrography-import] ISic020620: unchanged
[petrography-import] ISic020621: unchanged
[petrography-import] ISic020622: unchanged
[petrography-import] ISic020623: unchanged
[petrography-import] ISic020624: unchanged
[petrography-import] ISic020625: unchanged
[petrography-import] ISic020626: unchanged
[petrography-import] ISic020627: unchanged
[petrography-import] ISic020628: unchanged
[petrography-import] ISic020629: unchanged
[petrography-import] ISic020630: unchanged
[petrography-import] ISic020631: unchanged
[petrography-import] ISic020632: unchanged
[petrography-import] ISic020633: unchanged
[petrography-import] ISic020634: unchanged
[petrography-import] ISic020635: unchanged
[petrography-import] ISic020636: unchanged
[petrography-import] ISic020637: unchanged
[petrography-import] ISic020638: unchanged
[petrography-import] ISic020639: unchanged
[petrography-import] ISic020640: unchanged
[petrography-import] ISic020641: unchanged
[petrography-import] ISic020642: unchanged
[petrography-import] ISic020643: unchanged
[petrography-import] ISic020644: unchanged
[petrography-import] ISic020645: unchanged
[petrography-import] ISic020646: unchanged
[petrography-import] ISic020647: unchanged
[petrography-import] ISic020648: unchanged
[petrography-import] ISic020649: unchanged
[petrography-import] ISic020650: unchanged
[petrography-import] ISic020651: unchanged
[petrography-import] ISic020652: unchanged
[petrography-import] ISic020653: unchanged
[petrography-import] ISic020654: unchanged
[petrography-import] ISic020655: unchanged
[petrography-import] ISic020656: unchanged
[petrography-import] ISic020657: unchanged
[petrography-import] ISic020658: unchanged
[petrography-import] ISic020659: unchanged
[petrography-import] ISic020660: unchanged
[petrography-import] ISic020661: unchanged
[petrography-import] ISic020662: unchanged
[petrography-import] ISic020663: unchanged
[petrography-import] ISic020664: unchanged
[petrography-import] ISic020665: unchanged
[petrography-import] ISic020666: unchanged
[petrography-import] ISic020667: unchanged
[petrography-import] ISic020668: unchanged
[petrography-import] ISic020669: unchanged
[petrography-import] ISic020670: unchanged
[petrography-import] ISic020671: unchanged
[petrography-import] ISic020672: unchanged
[petrography-import] ISic020673: unchanged
[petrography-import] ISic020674: unchanged
[petrography-import] ISic020675: unchanged
[petrography-import] ISic020676: unchanged
[petrography-import] ISic020677: unchanged
[petrography-import] ISic020678: unchanged
[petrography-import] ISic020679: unchanged
[petrography-import] ISic020680: unchanged
[petrography-import] ISic020681: unchanged
[petrography-import] ISic020682: unchanged
[petrography-import] ISic020683: unchanged
[petrography-import] ISic020684: unchanged
[petrography-import] ISic020685: unchanged
[petrography-import] ISic020686: unchanged
[petrography-import] ISic020687: unchanged
[petrography-import] ISic020688: unchanged
[petrography-import] ISic020689: unchanged
[petrography-import] ISic020690: unchanged
[petrography-import] ISic020691: unchanged
[petrography-import] ISic020692: unchanged
[petrography-import] ISic020693: unchanged
[petrography-import] ISic020694: unchanged
[petrography-import] ISic020695: unchanged
[petrography-import] ISic020696: unchanged
[petrography-import] ISic020697: unchanged
[petrography-import] ISic020698: unchanged
[petrography-import] ISic020699: unchanged
[petrography-import] ISic020700: unchanged
[petrography-import] ISic020701: unchanged
[petrography-import] ISic020702: unchanged
[petrography-import] ISic020703: unchanged
[petrography-import] ISic020704: unchanged
[petrography-import] ISic020705: unchanged
[petrography-import] ISic020706: unchanged
[petrography-import] ISic020707: unchanged
[petrography-import] ISic020708: unchanged
[petrography-import] ISic020709: unchanged
[petrography-import] ISic020710: unchanged
[petrography-import] ISic020711: unchanged
[petrography-import] ISic020712: unchanged
[petrography-import] ISic020713: unchanged
[petrography-import] ISic020714: unchanged
[petrography-import] ISic020715: unchanged
[petrography-import] ISic020716: unchanged
[petrography-import] ISic020717: unchanged
[petrography-import] ISic020718: unchanged
[petrography-import] ISic020719: unchanged
[petrography-import] ISic020720: unchanged
[petrography-import] ISic020721: unchanged
[petrography-import] ISic020722: unchanged
[petrography-import] ISic020723: unchanged
[petrography-import] ISic020724: unchanged
[petrography-import] ISic020725: unchanged
[petrography-import] ISic020726: unchanged
[petrography-import] ISic020727: unchanged
[petrography-import] ISic020728: unchanged
[petrography-import] ISic020729: unchanged
[petrography-import] ISic020730: unchanged
[petrography-import] ISic020731: unchanged
[petrography-import] ISic020732: unchanged
[petrography-import] ISic020733: unchanged
[petrography-import] ISic020734: unchanged
[petrography-import] ISic020735: unchanged
[petrography-import] ISic020736: unchanged
[petrography-import] ISic020737: unchanged
[petrography-import] ISic020738: unchanged
[petrography-import] ISic020739: unchanged
[petrography-import] ISic020740: unchanged
[petrography-import] ISic020741: unchanged
[petrography-import] ISic020742: unchanged
[petrography-import] ISic020743: unchanged
[petrography-import] ISic020744: unchanged
[petrography-import] ISic020745: unchanged
[petrography-import] ISic020746: unchanged
[petrography-import] ISic020747: unchanged
[petrography-import] ISic020748: unchanged
[petrography-import] ISic020749: unchanged
[petrography-import] ISic020750: unchanged
[petrography-import] ISic020751: unchanged
[petrography-import] ISic020752: unchanged
[petrography-import] ISic020753: unchanged
[petrography-import] ISic020754: unchanged
[petrography-import] ISic020755: unchanged
[petrography-import] ISic020756: unchanged
[petrography-import] ISic020757: unchanged
[petrography-import] ISic020758: unchanged
[petrography-import] ISic020759: unchanged
[petrography-import] ISic020760: unchanged
[petrography-import] ISic020761: unchanged
[petrography-import] ISic020762: unchanged
[petrography-import] ISic020763: unchanged
[petrography-import] ISic020764: unchanged
[petrography-import] ISic020765: unchanged
[petrography-import] ISic020766: unchanged
[petrography-import] ISic020767: unchanged
[petrography-import] ISic020768: unchanged
[petrography-import] ISic020770: unchanged
[petrography-import] ISic020771: unchanged
[petrography-import] ISic020772: unchanged
[petrography-import] ISic020773: unchanged
[petrography-import] ISic020774: unchanged
[petrography-import] ISic020775: unchanged
[petrography-import] ISic020776: unchanged
[petrography-import] ISic020777: unchanged
[petrography-import] ISic020778: unchanged
[petrography-import] ISic020779: unchanged
[petrography-import] ISic020780: unchanged
[petrography-import] ISic020781: unchanged
[petrography-import] ISic020782: unchanged
[petrography-import] ISic020783: unchanged
[petrography-import] ISic020784: unchanged
[petrography-import] ISic020785: unchanged
[petrography-import] ISic020786: unchanged
[petrography-import] ISic020787: unchanged
[petrography-import] ISic020788: unchanged
[petrography-import] ISic020789: unchanged
[petrography-import] ISic020790: unchanged
[petrography-import] ISic020791: unchanged
[petrography-import] ISic020792: unchanged
[petrography-import] ISic020793: unchanged
[petrography-import] ISic020794: unchanged
[petrography-import] ISic020795: unchanged
[petrography-import] ISic020796: unchanged
[petrography-import] ISic020797: unchanged
[petrography-import] ISic020798: unchanged
[petrography-import] ISic020799: unchanged
[petrography-import] ISic020800: unchanged
[petrography-import] ISic020801: unchanged
[petrography-import] ISic020802: unchanged
[petrography-import] ISic020803: unchanged
[petrography-import] ISic020804: unchanged
[petrography-import] ISic020805: unchanged
[petrography-import] ISic020806: unchanged
[petrography-import] ISic020807: unchanged
[petrography-import] ISic020808: unchanged
[petrography-import] ISic020809: unchanged
[petrography-import] ISic020810: unchanged
[petrography-import] ISic020811: unchanged
[petrography-import] ISic020812: unchanged
[petrography-import] ISic020813: unchanged
[petrography-import] ISic020814: unchanged
[petrography-import] ISic020815: unchanged
[petrography-import] ISic020816: unchanged
[petrography-import] ISic020817: unchanged
[petrography-import] ISic020818: unchanged
[petrography-import] ISic020819: unchanged
[petrography-import] ISic020820: unchanged
[petrography-import] ISic020821: unchanged
[petrography-import] ISic020822: unchanged
[petrography-import] ISic020823: unchanged
[petrography-import] ISic020824: unchanged
[petrography-import] ISic020825: unchanged
[petrography-import] ISic020826: unchanged
[petrography-import] ISic020827: unchanged
[petrography-import] ISic020828: unchanged
[petrography-import] ISic020829: unchanged
[petrography-import] ISic020830: unchanged
[petrography-import] ISic020831: unchanged
[petrography-import] ISic020832: unchanged
[petrography-import] ISic020833: unchanged
[petrography-import] ISic020834: unchanged
[petrography-import] ISic020835: unchanged
[petrography-import] ISic020836: unchanged
[petrography-import] ISic020837: unchanged
[petrography-import] ISic020838: unchanged
[petrography-import] ISic020839: unchanged
[petrography-import] ISic020840: unchanged
[petrography-import] ISic020841: unchanged
[petrography-import] ISic020842: unchanged
[petrography-import] ISic020843: unchanged
[petrography-import] ISic020844: unchanged
[petrography-import] ISic020845: unchanged
[petrography-import] ISic020846: unchanged
[petrography-import] ISic020847: unchanged
[petrography-import] ISic020848: unchanged
[petrography-import] ISic020849: unchanged
[petrography-import] ISic020850: unchanged
[petrography-import] ISic020851: unchanged
[petrography-import] ISic020852: unchanged
[petrography-import] ISic020853: unchanged
[petrography-import] ISic020854: unchanged
[petrography-import] ISic020855: unchanged
[petrography-import] ISic020856: unchanged
[petrography-import] ISic020857: unchanged
[petrography-import] ISic020859: unchanged
[petrography-import] ISic020860: unchanged
[petrography-import] ISic020861: unchanged
[petrography-import] ISic020862: unchanged
[petrography-import] ISic020863: unchanged
[petrography-import] ISic020864: unchanged
[petrography-import] ISic020865: unchanged
[petrography-import] ISic020866: unchanged
[petrography-import] ISic020867: unchanged
[petrography-import] ISic020868: unchanged
[petrography-import] ISic020869: unchanged
[petrography-import] ISic020870: unchanged
[petrography-import] ISic020871: unchanged
[petrography-import] ISic020872: unchanged
[petrography-import] ISic020873: unchanged
[petrography-import] ISic020874: unchanged
[petrography-import] ISic020877: unchanged
[petrography-import] ISic020878: unchanged
[petrography-import] ISic020879: unchanged
[petrography-import] ISic020880: unchanged
[petrography-import] ISic020881: unchanged
[petrography-import] ISic020882: unchanged
[petrography-import] ISic020883: unchanged
[petrography-import] ISic020884: unchanged
[petrography-import] ISic020885: unchanged
[petrography-import] ISic020886: unchanged
[petrography-import] ISic020887: unchanged
[petrography-import] ISic020888: unchanged
[petrography-import] ISic020889: unchanged
[petrography-import] ISic020890: unchanged
[petrography-import] ISic020891: unchanged
[petrography-import] ISic020892: unchanged
[petrography-import] ISic020893: unchanged
[petrography-import] ISic020894: unchanged
[petrography-import] ISic020895: unchanged
[petrography-import] ISic020896: unchanged
[petrography-import] ISic020897: unchanged
[petrography-import] ISic020898: unchanged
[petrography-import] ISic020899: unchanged
[petrography-import] ISic020900: unchanged
[petrography-import] ISic020901: unchanged
[petrography-import] ISic020902: unchanged
[petrography-import] ISic020903: unchanged
[petrography-import] ISic020904: unchanged
[petrography-import] ISic020905: unchanged
[petrography-import] ISic020906: unchanged
[petrography-import] ISic020907: unchanged
[petrography-import] ISic020908: unchanged
[petrography-import] ISic020909: unchanged
[petrography-import] ISic020910: unchanged
[petrography-import] ISic020911: unchanged
[petrography-import] ISic020912: unchanged
[petrography-import] ISic020913: unchanged
[petrography-import] ISic020914: unchanged
[petrography-import] ISic020915: unchanged
[petrography-import] ISic020916: unchanged
[petrography-import] ISic020917: unchanged
[petrography-import] ISic020918: unchanged
[petrography-import] ISic020919: unchanged
[petrography-import] ISic020920: unchanged
[petrography-import] ISic020921: unchanged
[petrography-import] ISic020930: unchanged
[petrography-import] ISic020932: unchanged
[petrography-import] ISic020933: unchanged
[petrography-import] ISic020934: unchanged
[petrography-import] ISic020935: unchanged
[petrography-import] ISic020936: unchanged
[petrography-import] ISic020942: unchanged
[petrography-import] ISic020945: unchanged
[petrography-import] ISic020946: unchanged
[petrography-import] ISic020947: unchanged
[petrography-import] ISic020948: unchanged
[petrography-import] ISic030001: unchanged
[petrography-import] ISic030002: unchanged
[petrography-import] ISic030003: unchanged
[petrography-import] ISic030004: unchanged
[petrography-import] ISic030005: unchanged
[petrography-import] ISic030006: unchanged
[petrography-import] ISic030007: unchanged
[petrography-import] ISic030008: unchanged
[petrography-import] ISic030009: unchanged
[petrography-import] ISic030010: unchanged
[petrography-import] ISic030011: unchanged
[petrography-import] ISic030012: unchanged
[petrography-import] ISic030013: unchanged
[petrography-import] ISic030014: unchanged
[petrography-import] ISic030015: unchanged
[petrography-import] ISic030016: unchanged
[petrography-import] ISic030017: unchanged
[petrography-import] ISic030018: unchanged
[petrography-import] ISic030019: unchanged
[petrography-import] ISic030020: unchanged
[petrography-import] ISic030021: unchanged
[petrography-import] ISic030022: unchanged
[petrography-import] ISic030023: unchanged
[petrography-import] ISic030024: unchanged
[petrography-import] ISic030025: unchanged
[petrography-import] ISic030026: unchanged
[petrography-import] ISic030027: unchanged
[petrography-import] ISic030028: unchanged
[petrography-import] ISic030029: unchanged
[petrography-import] ISic030030: unchanged
[petrography-import] ISic030031: unchanged
[petrography-import] ISic030032: unchanged
[petrography-import] ISic030033: unchanged
[petrography-import] ISic030034: unchanged
[petrography-import] ISic030035: unchanged
[petrography-import] ISic030036: unchanged
[petrography-import] ISic030037: unchanged
[petrography-import] ISic030042: unchanged
[petrography-import] ISic030043: unchanged
[petrography-import] ISic030046: unchanged
[petrography-import] ISic030047: unchanged
[petrography-import] ISic030048: unchanged
[petrography-import] ISic030049: unchanged
[petrography-import] ISic030050: unchanged
[petrography-import] ISic030051: unchanged
[petrography-import] ISic030052: unchanged
[petrography-import] ISic030053: unchanged
[petrography-import] ISic030054: unchanged
[petrography-import] ISic030055: unchanged
[petrography-import] ISic030056: unchanged
[petrography-import] ISic030057: unchanged
[petrography-import] ISic030058: unchanged
[petrography-import] ISic030059: unchanged
[petrography-import] ISic030060: unchanged
[petrography-import] ISic030061: unchanged
[petrography-import] ISic030062: unchanged
[petrography-import] ISic030063: unchanged
[petrography-import] ISic030064: unchanged
[petrography-import] ISic030067: unchanged
[petrography-import] ISic030068: unchanged
[petrography-import] ISic030069: unchanged
[petrography-import] ISic030070: unchanged
[petrography-import] ISic030071: unchanged
[petrography-import] ISic030072: unchanged
[petrography-import] ISic030073: unchanged
[petrography-import] ISic030074: unchanged
[petrography-import] ISic030075: unchanged
[petrography-import] ISic030076: unchanged
[petrography-import] ISic030077: unchanged
[petrography-import] ISic030078: unchanged
[petrography-import] ISic030079: unchanged
[petrography-import] ISic030080: unchanged
[petrography-import] ISic030081: unchanged
[petrography-import] ISic030082: unchanged
[petrography-import] ISic030083: unchanged
[petrography-import] ISic030084: unchanged
[petrography-import] ISic030085: unchanged
[petrography-import] ISic030086: unchanged
[petrography-import] ISic030087: unchanged
[petrography-import] ISic030088: unchanged
[petrography-import] ISic030089: unchanged
[petrography-import] ISic030090: unchanged
[petrography-import] ISic030091: unchanged
[petrography-import] ISic030092: unchanged
[petrography-import] ISic030093: unchanged
[petrography-import] ISic030094: unchanged
[petrography-import] ISic030095: unchanged
[petrography-import] ISic030096: unchanged
[petrography-import] ISic030097: unchanged
[petrography-import] ISic030098: unchanged
[petrography-import] ISic030099: unchanged
[petrography-import] ISic030100: unchanged
[petrography-import] ISic030101: unchanged
[petrography-import] ISic030102: unchanged
[petrography-import] ISic030103: unchanged
[petrography-import] ISic030104: unchanged
[petrography-import] ISic030105: unchanged
[petrography-import] ISic030106: unchanged
[petrography-import] ISic030107: unchanged
[petrography-import] ISic030108: unchanged
[petrography-import] ISic030109: unchanged
[petrography-import] ISic030110: unchanged
[petrography-import] ISic030111: unchanged
[petrography-import] ISic030113: unchanged
[petrography-import] ISic030114: unchanged
[petrography-import] ISic030115: unchanged
[petrography-import] ISic030116: unchanged
[petrography-import] ISic030117: unchanged
[petrography-import] ISic030118: unchanged
[petrography-import] ISic030119: unchanged
[petrography-import] ISic030120: unchanged
[petrography-import] ISic030121: unchanged
[petrography-import] ISic030122: unchanged
[petrography-import] ISic030123: unchanged
[petrography-import] ISic030124: unchanged
[petrography-import] ISic030125: unchanged
[petrography-import] ISic030126: unchanged
[petrography-import] ISic030127: unchanged
[petrography-import] ISic030128: unchanged
[petrography-import] ISic030129: unchanged
[petrography-import] ISic030130: unchanged
[petrography-import] ISic030131: unchanged
[petrography-import] ISic030132: unchanged
[petrography-import] ISic030133: unchanged
[petrography-import] ISic030134: unchanged
[petrography-import] ISic030135: unchanged
[petrography-import] ISic030136: unchanged
[petrography-import] ISic030137: unchanged
[petrography-import] ISic030138: unchanged
[petrography-import] ISic030139: unchanged
[petrography-import] ISic030140: unchanged
[petrography-import] ISic030141: unchanged
[petrography-import] ISic030142: unchanged
[petrography-import] ISic030143: unchanged
[petrography-import] ISic030144: unchanged
[petrography-import] ISic030145: unchanged
[petrography-import] ISic030146: unchanged
[petrography-import] ISic030147: unchanged
[petrography-import] ISic030148: unchanged
[petrography-import] ISic030149: unchanged
[petrography-import] ISic030150: unchanged
[petrography-import] ISic030151: unchanged
[petrography-import] ISic030152: unchanged
[petrography-import] ISic030153: unchanged
[petrography-import] ISic030154: unchanged
[petrography-import] ISic030155: unchanged
[petrography-import] ISic030156: unchanged
[petrography-import] ISic030157: unchanged
[petrography-import] ISic030158: unchanged
[petrography-import] ISic030159: unchanged
[petrography-import] ISic030160: unchanged
[petrography-import] ISic030161: unchanged
[petrography-import] ISic030162: unchanged
[petrography-import] ISic030163: unchanged
[petrography-import] ISic030164: unchanged
[petrography-import] ISic030165: unchanged
[petrography-import] ISic030166: unchanged
[petrography-import] ISic030167: unchanged
[petrography-import] ISic030168: unchanged
[petrography-import] ISic030169: unchanged
[petrography-import] ISic030170: unchanged
[petrography-import] ISic030171: unchanged
[petrography-import] ISic030172: unchanged
[petrography-import] ISic030173: unchanged
[petrography-import] ISic030174: unchanged
[petrography-import] ISic030175: unchanged
[petrography-import] ISic030176: unchanged
[petrography-import] ISic030177: unchanged
[petrography-import] ISic030178: unchanged
[petrography-import] ISic030179: unchanged
[petrography-import] ISic030180: unchanged
[petrography-import] ISic030181: unchanged
[petrography-import] ISic030182: unchanged
[petrography-import] ISic030183: unchanged
[petrography-import] ISic030184: unchanged
[petrography-import] ISic030185: unchanged
[petrography-import] ISic030186: unchanged
[petrography-import] ISic030187: unchanged
[petrography-import] ISic030188: unchanged
[petrography-import] ISic030189: unchanged
[petrography-import] ISic030190: unchanged
[petrography-import] ISic030191: unchanged
[petrography-import] ISic030192: unchanged
[petrography-import] ISic030193: unchanged
[petrography-import] ISic030194: unchanged
[petrography-import] ISic030195: unchanged
[petrography-import] ISic030196: unchanged
[petrography-import] ISic030197: unchanged
[petrography-import] ISic030198: unchanged
[petrography-import] ISic030199: unchanged
[petrography-import] ISic030200: unchanged
[petrography-import] ISic030201: unchanged
[petrography-import] ISic030202: unchanged
[petrography-import] ISic030203: unchanged
[petrography-import] ISic030204: unchanged
[petrography-import] ISic030205: unchanged
[petrography-import] ISic030206: unchanged
[petrography-import] ISic030207: unchanged
[petrography-import] ISic030208: unchanged
[petrography-import] ISic030209: unchanged
[petrography-import] ISic030210: unchanged
[petrography-import] ISic030211: unchanged
[petrography-import] ISic030212: unchanged
[petrography-import] ISic030213: unchanged
[petrography-import] ISic030214: unchanged
[petrography-import] ISic030215: unchanged
[petrography-import] ISic030216: unchanged
[petrography-import] ISic030217: unchanged
[petrography-import] ISic030218: unchanged
[petrography-import] ISic030219: unchanged
[petrography-import] ISic030220: unchanged
[petrography-import] ISic030221: unchanged
[petrography-import] ISic030222: unchanged
[petrography-import] ISic030223: unchanged
[petrography-import] ISic030224: unchanged
[petrography-import] ISic030225: unchanged
[petrography-import] ISic030226: unchanged
[petrography-import] ISic030227: unchanged
[petrography-import] ISic030228: unchanged
[petrography-import] ISic030229: unchanged
[petrography-import] ISic030230: unchanged
[petrography-import] ISic030231: unchanged
[petrography-import] ISic030232: unchanged
[petrography-import] ISic030233: unchanged
[petrography-import] ISic030234: unchanged
[petrography-import] ISic030235: unchanged
[petrography-import] ISic030236: unchanged
[petrography-import] ISic030237: unchanged
[petrography-import] ISic030238: unchanged
[petrography-import] ISic030239: unchanged
[petrography-import] ISic030240: unchanged
[petrography-import] ISic030241: unchanged
[petrography-import] ISic030242: unchanged
[petrography-import] ISic030243: unchanged
[petrography-import] ISic030244: unchanged
[petrography-import] ISic030245: unchanged
[petrography-import] ISic030246: unchanged
[petrography-import] ISic030247: unchanged
[petrography-import] ISic030248: unchanged
[petrography-import] ISic030249: unchanged
[petrography-import] ISic030250: unchanged
[petrography-import] ISic030251: unchanged
[petrography-import] ISic030252: unchanged
[petrography-import] ISic030253: unchanged
[petrography-import] ISic030254: unchanged
[petrography-import] ISic030255: unchanged
[petrography-import] ISic030256: unchanged
[petrography-import] ISic030257: unchanged
[petrography-import] ISic030258: unchanged
[petrography-import] ISic030259: unchanged
[petrography-import] ISic030260: unchanged
[petrography-import] ISic030261: unchanged
[petrography-import] ISic030262: unchanged
[petrography-import] ISic030263: unchanged
[petrography-import] ISic030264: unchanged
[petrography-import] ISic030265: unchanged
[petrography-import] ISic030266: unchanged
[petrography-import] ISic030267: unchanged
[petrography-import] ISic030268: unchanged
[petrography-import] ISic030269: unchanged
[petrography-import] ISic030270: unchanged
[petrography-import] ISic030271: unchanged
[petrography-import] ISic030272: unchanged
[petrography-import] ISic030273: unchanged
[petrography-import] ISic030274: unchanged
[petrography-import] ISic030275: unchanged
[petrography-import] ISic030276: unchanged
[petrography-import] ISic030277: unchanged
[petrography-import] ISic030278: unchanged
[petrography-import] ISic030279: unchanged
[petrography-import] ISic030280: unchanged
[petrography-import] ISic030281: unchanged
[petrography-import] ISic030294: unchanged
[petrography-import] ISic030295: unchanged
[petrography-import] ISic030296: unchanged
[petrography-import] ISic030297: unchanged
[petrography-import] ISic030298: unchanged
[petrography-import] ISic030299: unchanged
[petrography-import] ISic030300: unchanged
[petrography-import] ISic030301: unchanged
[petrography-import] ISic030303: unchanged
[petrography-import] ISic030304: unchanged
[petrography-import] ISic030305: unchanged
[petrography-import] ISic030306: unchanged
[petrography-import] ISic030307: unchanged
[petrography-import] ISic030308: unchanged
[petrography-import] ISic030309: unchanged
[petrography-import] ISic030310: unchanged
[petrography-import] ISic030311: unchanged
[petrography-import] ISic030312: unchanged
[petrography-import] ISic030313: unchanged
[petrography-import] ISic030314: unchanged
[petrography-import] ISic030315: unchanged
[petrography-import] ISic030317: unchanged
[petrography-import] ISic030319: unchanged
[petrography-import] ISic030330: unchanged
[petrography-import] ISic030331: unchanged
[petrography-import] ISic030332: unchanged
[petrography-import] ISic031001: unchanged
[petrography-import] Done. Changed: 823, Unchanged: 1809, No XML: 19, Duplicated: 0
